"","height","sex"
"1",64.5275939,"Female"
"2",60.1575128,"Female"
"3",66.0236577,"Female"
"4",65.4331062,"Female"
"5",65.1181454,"Female"
"6",62.204758,"Female"
"7",65.2756258,"Female"
"8",61.1023952,"Female"
"9",61.6142065,"Female"
"10",63.7008218,"Female"
"11",65.9449175,"Female"
"12",60.3937334,"Female"
"13",67.1260205,"Female"
"14",66.4960989,"Female"
"15",62.204758,"Female"
"16",65.2362557,"Female"
"17",62.1260178,"Female"
"18",62.0079075,"Female"
"19",63.4646012,"Female"
"20",67.5590916,"Female"
"21",62.9134198,"Female"
"22",62.9134198,"Female"
"23",62.5197188,"Female"
"24",66.2992484,"Female"
"25",64.8031846,"Female"
"26",64.2520032,"Female"
"27",66.4960989,"Female"
"28",63.7008218,"Female"
"29",61.417356,"Female"
"30",66.6535793,"Female"
"31",65.2362557,"Female"
"32",68.503974,"Female"
"33",67.4409813,"Female"
"34",62.4016085,"Female"
"35",68.5433441,"Female"
"36",65.4331062,"Female"
"37",64.8819248,"Female"
"38",64.4094836,"Female"
"39",59.6457015,"Female"
"40",63.0315301,"Female"
"41",64.173263,"Female"
"42",67.5984617,"Female"
"43",62.4409786,"Female"
"44",62.6771992,"Female"
"45",62.9527899,"Female"
"46",57.480346,"Female"
"47",65.0394052,"Female"
"48",65.8661773,"Female"
"49",62.1260178,"Female"
"50",63.4252311,"Female"
"51",65.9449175,"Female"
"52",65.8661773,"Female"
"53",67.9527926,"Female"
"54",63.3464909,"Female"
"55",67.0472803,"Female"
"56",68.7401946,"Female"
"57",63.0709002,"Female"
"58",64.2913733,"Female"
"59",68.110273,"Female"
"60",66.7323195,"Female"
"61",65.0787753,"Female"
"62",68.1890132,"Female"
"63",61.1417653,"Female"
"64",66.6142092,"Female"
"65",65.9449175,"Female"
"66",58.8189294,"Female"
"67",64.566964,"Female"
"68",62.9134198,"Female"
"69",66.5748391,"Female"
"70",65.4331062,"Female"
"71",62.0472776,"Female"
"72",59.9212922,"Female"
"73",65.8661773,"Female"
"74",61.3386158,"Female"
"75",65.5118464,"Female"
"76",62.1260178,"Female"
"77",63.2677507,"Female"
"78",62.99216,"Female"
"79",67.7559421,"Female"
"80",63.4252311,"Female"
"81",60.236253,"Female"
"82",61.2205055,"Female"
"83",64.3307434,"Female"
"84",64.0157826,"Female"
"85",66.535469,"Female"
"86",68.4252338,"Female"
"87",64.0945228,"Female"
"88",61.9685374,"Female"
"89",63.4646012,"Female"
"90",64.6850743,"Female"
"91",66.0236577,"Female"
"92",64.8031846,"Female"
"93",63.385861,"Female"
"94",65.4331062,"Female"
"95",68.3858637,"Female"
"96",67.5984617,"Female"
"97",61.6929467,"Female"
"98",71.8898026,"Female"
"99",64.2913733,"Female"
"100",65.354366,"Female"
"101",64.8031846,"Female"
"102",59.9212922,"Female"
"103",61.1023952,"Female"
"104",61.7716869,"Female"
"105",65.9842876,"Female"
"106",62.7953095,"Female"
"107",63.1102703,"Female"
"108",62.1653879,"Female"
"109",63.0709002,"Female"
"110",63.2283806,"Female"
"111",63.2677507,"Female"
"112",69.2126358,"Female"
"113",62.204758,"Female"
"114",63.2283806,"Female"
"115",62.1260178,"Female"
"116",65.4331062,"Female"
"117",68.9764152,"Female"
"118",64.0945228,"Female"
"119",65.0394052,"Female"
"120",68.4252338,"Female"
"121",60.4331035,"Female"
"122",62.1260178,"Female"
"123",61.9291673,"Female"
"124",62.7165693,"Female"
"125",61.8897972,"Female"
"126",62.2441281,"Female"
"127",62.204758,"Female"
"128",68.503974,"Female"
"129",63.1496404,"Female"
"130",60.6693241,"Female"
"131",65.354366,"Female"
"132",60.3543633,"Female"
"133",60.1181427,"Female"
"134",65.5512165,"Female"
"135",62.8346796,"Female"
"136",66.2598783,"Female"
"137",63.5039713,"Female"
"138",62.0079075,"Female"
"139",64.4882238,"Female"
"140",64.0157826,"Female"
"141",68.4252338,"Female"
"142",63.1102703,"Female"
"143",62.4803487,"Female"
"144",59.05515,"Female"
"145",65.0787753,"Female"
"146",63.7008218,"Female"
"147",64.0945228,"Female"
"148",67.322871,"Female"
"149",62.5197188,"Female"
"150",65.6299567,"Female"
"151",64.6850743,"Female"
"152",63.1102703,"Female"
"153",66.92917,"Female"
"154",65.1968856,"Female"
"155",63.779562,"Female"
"156",61.5354663,"Female"
"157",64.9212949,"Female"
"158",63.8976723,"Female"
"159",59.8819221,"Female"
"160",62.2834982,"Female"
"161",61.3386158,"Female"
"162",65.6299567,"Female"
"163",64.8031846,"Female"
"164",62.598459,"Female"
"165",68.1890132,"Female"
"166",65.0394052,"Female"
"167",60.7480643,"Female"
"168",63.5827115,"Female"
"169",63.5039713,"Female"
"170",65.0394052,"Female"
"171",58.7401892,"Female"
"172",64.6457042,"Female"
"173",64.2520032,"Female"
"174",70.3543687,"Female"
"175",63.4646012,"Female"
"176",60.9842849,"Female"
"177",66.4960989,"Female"
"178",66.6535793,"Female"
"179",62.9527899,"Female"
"180",62.2834982,"Female"
"181",61.2205055,"Female"
"182",62.6771992,"Female"
"183",67.322871,"Female"
"184",68.7401946,"Female"
"185",67.4803514,"Female"
"186",62.2834982,"Female"
"187",64.566964,"Female"
"188",65.8661773,"Female"
"189",62.2834982,"Female"
"190",61.811057,"Female"
"191",63.2283806,"Female"
"192",60.5512138,"Female"
"193",62.2834982,"Female"
"194",64.0945228,"Female"
"195",64.8425547,"Female"
"196",66.3386185,"Female"
"197",59.9212922,"Female"
"198",65.3937361,"Female"
"199",62.1260178,"Female"
"200",66.7323195,"Female"
"201",62.4803487,"Female"
"202",64.2520032,"Female"
"203",68.1890132,"Female"
"204",59.5275912,"Female"
"205",66.3386185,"Female"
"206",69.6457069,"Female"
"207",63.3464909,"Female"
"208",63.3464909,"Female"
"209",67.0472803,"Female"
"210",69.4094863,"Female"
"211",65.1181454,"Female"
"212",63.779562,"Female"
"213",61.7716869,"Female"
"214",64.4094836,"Female"
"215",66.2598783,"Female"
"216",68.0315328,"Female"
"217",62.6771992,"Female"
"218",61.3386158,"Female"
"219",63.385861,"Female"
"220",65.5905866,"Female"
"221",64.0551527,"Female"
"222",60.9842849,"Female"
"223",66.7323195,"Female"
"224",64.8819248,"Female"
"225",64.0157826,"Female"
"226",66.535469,"Female"
"227",62.4016085,"Female"
"228",62.6378291,"Female"
"229",65.5905866,"Female"
"230",61.2992457,"Female"
"231",63.8976723,"Female"
"232",63.9370424,"Female"
"233",63.1890105,"Female"
"234",63.0315301,"Female"
"235",67.4409813,"Female"
"236",67.0472803,"Female"
"237",59.4882211,"Female"
"238",65.354366,"Female"
"239",62.5590889,"Female"
"240",62.4016085,"Female"
"241",62.1260178,"Female"
"242",65.0787753,"Female"
"243",61.5748364,"Female"
"244",62.5590889,"Female"
"245",61.6142065,"Female"
"246",65.5118464,"Female"
"247",58.5433387,"Female"
"248",62.3622384,"Female"
"249",67.7559421,"Female"
"250",63.0315301,"Female"
"251",62.0472776,"Female"
"252",63.7008218,"Female"
"253",62.4409786,"Female"
"254",67.1653906,"Female"
"255",63.2283806,"Female"
"256",67.0472803,"Female"
"257",63.8189321,"Female"
"258",65.4724763,"Female"
"259",62.7165693,"Female"
"260",60.629954,"Female"
"261",65.4331062,"Female"
"262",64.0945228,"Female"
"263",61.1023952,"Female"
"264",65.1575155,"Female"
"265",66.8110597,"Female"
"266",70.1575182,"Female"
"267",67.2441308,"Female"
"268",68.9764152,"Female"
"269",62.204758,"Female"
"270",61.7323168,"Female"
"271",66.3779886,"Female"
"272",62.1260178,"Female"
"273",69.685077,"Female"
"274",62.1653879,"Female"
"275",65.0787753,"Female"
"276",63.8976723,"Female"
"277",64.173263,"Female"
"278",62.7165693,"Female"
"279",62.0472776,"Female"
"280",64.2126331,"Female"
"281",63.4646012,"Female"
"282",62.0079075,"Female"
"283",67.4016112,"Female"
"284",61.7323168,"Female"
"285",63.0709002,"Female"
"286",64.0551527,"Female"
"287",62.598459,"Female"
"288",62.598459,"Female"
"289",64.0551527,"Female"
"290",66.3386185,"Female"
"291",59.1338902,"Female"
"292",69.3701162,"Female"
"293",61.9291673,"Female"
"294",62.8740497,"Female"
"295",63.4252311,"Female"
"296",68.5433441,"Female"
"297",63.5039713,"Female"
"298",60.3149932,"Female"
"299",61.9291673,"Female"
"300",66.4960989,"Female"
"301",65.9842876,"Female"
"302",65.8661773,"Female"
"303",62.0866477,"Female"
"304",66.2205082,"Female"
"305",67.2047607,"Female"
"306",62.6771992,"Female"
"307",66.2205082,"Female"
"308",63.4646012,"Female"
"309",64.3701135,"Female"
"310",61.2992457,"Female"
"311",63.8976723,"Female"
"312",66.3386185,"Female"
"313",61.811057,"Female"
"314",68.4252338,"Female"
"315",62.3622384,"Female"
"316",61.811057,"Female"
"317",65.5118464,"Female"
"318",67.7953122,"Female"
"319",64.3307434,"Female"
"320",69.4488564,"Female"
"321",63.2677507,"Female"
"322",67.1260205,"Female"
"323",60.9449148,"Female"
"324",67.5984617,"Female"
"325",66.4173587,"Female"
"326",63.1102703,"Female"
"327",67.2047607,"Female"
"328",63.779562,"Female"
"329",65.354366,"Female"
"330",62.204758,"Female"
"331",61.8897972,"Female"
"332",68.9764152,"Female"
"333",62.9134198,"Female"
"334",61.5354663,"Female"
"335",64.4094836,"Female"
"336",63.385861,"Female"
"337",61.811057,"Female"
"338",65.4331062,"Female"
"339",63.6220816,"Female"
"340",66.7716896,"Female"
"341",65.0000351,"Female"
"342",65.6299567,"Female"
"343",63.779562,"Female"
"344",67.9527926,"Female"
"345",60.8268045,"Female"
"346",58.3858583,"Female"
"347",62.598459,"Female"
"348",63.9370424,"Female"
"349",62.0079075,"Female"
"350",60.3149932,"Female"
"351",66.7323195,"Female"
"352",66.4567288,"Female"
"353",65.9055474,"Female"
"354",65.1575155,"Female"
"355",63.4646012,"Female"
"356",63.8976723,"Female"
"357",62.1260178,"Female"
"358",65.5905866,"Female"
"359",67.8346823,"Female"
"360",68.2677534,"Female"
"361",63.0709002,"Female"
"362",61.6142065,"Female"
"363",64.173263,"Female"
"364",61.023655,"Female"
"365",66.535469,"Female"
"366",61.4567261,"Female"
"367",64.8425547,"Female"
"368",65.9055474,"Female"
"369",66.3779886,"Female"
"370",65.5905866,"Female"
"371",67.8740524,"Female"
"372",63.6220816,"Female"
"373",63.9764125,"Female"
"374",68.9764152,"Female"
"375",58.5039686,"Female"
"376",67.5197215,"Female"
"377",63.9764125,"Female"
"378",60.6693241,"Female"
"379",69.685077,"Female"
"380",66.1023979,"Female"
"381",64.0157826,"Female"
"382",65.0394052,"Female"
"383",62.0472776,"Female"
"384",64.173263,"Female"
"385",66.5748391,"Female"
"386",63.385861,"Female"
"387",59.05515,"Female"
"388",64.566964,"Female"
"389",65.9055474,"Female"
"390",65.5512165,"Female"
"391",62.7165693,"Female"
"392",62.1260178,"Female"
"393",62.3228683,"Female"
"394",62.1260178,"Female"
"395",63.0709002,"Female"
"396",65.2362557,"Female"
"397",64.1338929,"Female"
"398",60.8268045,"Female"
"399",63.1102703,"Female"
"400",65.4724763,"Female"
"401",62.1260178,"Female"
"402",62.4016085,"Female"
"403",63.9370424,"Female"
"404",64.0945228,"Female"
"405",62.6378291,"Female"
"406",62.3622384,"Female"
"407",61.6929467,"Female"
"408",67.322871,"Female"
"409",61.3779859,"Female"
"410",63.1890105,"Female"
"411",69.4488564,"Female"
"412",62.6771992,"Female"
"413",63.8976723,"Female"
"414",62.8740497,"Female"
"415",66.0630278,"Female"
"416",62.7953095,"Female"
"417",64.6850743,"Female"
"418",60.7874344,"Female"
"419",61.6535766,"Female"
"420",63.1102703,"Female"
"421",63.9370424,"Female"
"422",64.6457042,"Female"
"423",68.3464936,"Female"
"424",63.9370424,"Female"
"425",60.1575128,"Female"
"426",66.92917,"Female"
"427",63.0315301,"Female"
"428",64.0551527,"Female"
"429",62.0079075,"Female"
"430",64.7244444,"Female"
"431",63.0709002,"Female"
"432",65.6299567,"Female"
"433",58.7401892,"Female"
"434",61.0630251,"Female"
"435",62.3622384,"Female"
"436",64.0551527,"Female"
"437",63.385861,"Female"
"438",65.1968856,"Female"
"439",66.7323195,"Female"
"440",65.1181454,"Female"
"441",63.7008218,"Female"
"442",62.4016085,"Female"
"443",62.598459,"Female"
"444",61.2205055,"Female"
"445",64.6850743,"Female"
"446",65.8661773,"Female"
"447",68.4252338,"Female"
"448",63.0709002,"Female"
"449",65.6299567,"Female"
"450",61.2992457,"Female"
"451",64.173263,"Female"
"452",68.8189348,"Female"
"453",64.8031846,"Female"
"454",61.2992457,"Female"
"455",62.6771992,"Female"
"456",66.0630278,"Female"
"457",60.9842849,"Female"
"458",60.6693241,"Female"
"459",61.417356,"Female"
"460",59.7638118,"Female"
"461",64.8425547,"Female"
"462",63.7008218,"Female"
"463",64.0945228,"Female"
"464",64.3701135,"Female"
"465",56.9685347,"Female"
"466",62.3622384,"Female"
"467",64.566964,"Female"
"468",65.2362557,"Female"
"469",65.1181454,"Female"
"470",63.6614517,"Female"
"471",57.0079048,"Female"
"472",61.811057,"Female"
"473",62.7165693,"Female"
"474",61.6142065,"Female"
"475",65.748067,"Female"
"476",60.8268045,"Female"
"477",68.3071235,"Female"
"478",67.716572,"Female"
"479",62.5197188,"Female"
"480",61.5354663,"Female"
"481",63.3464909,"Female"
"482",64.6850743,"Female"
"483",61.417356,"Female"
"484",62.3228683,"Female"
"485",61.023655,"Female"
"486",63.0709002,"Female"
"487",65.2756258,"Female"
"488",61.5748364,"Female"
"489",61.2205055,"Female"
"490",64.4094836,"Female"
"491",61.6142065,"Female"
"492",67.0472803,"Female"
"493",61.6929467,"Female"
"494",63.8976723,"Female"
"495",61.3779859,"Female"
"496",67.1653906,"Female"
"497",65.748067,"Female"
"498",66.8897999,"Female"
"499",65.7086969,"Female"
"500",67.5984617,"Female"
"501",62.4016085,"Female"
"502",65.1181454,"Female"
"503",63.385861,"Female"
"504",67.4409813,"Female"
"505",68.1496431,"Female"
"506",65.3149959,"Female"
"507",63.7401919,"Female"
"508",65.8268072,"Female"
"509",61.7323168,"Female"
"510",63.9764125,"Female"
"511",64.3307434,"Female"
"512",66.4567288,"Female"
"513",65.354366,"Female"
"514",64.2520032,"Female"
"515",67.0472803,"Female"
"516",62.8346796,"Female"
"517",65.9449175,"Female"
"518",62.7953095,"Female"
"519",62.8346796,"Female"
"520",61.1811354,"Female"
"521",64.8819248,"Female"
"522",63.1102703,"Female"
"523",68.7401946,"Female"
"524",63.385861,"Female"
"525",64.0157826,"Female"
"526",65.2756258,"Female"
"527",59.5669613,"Female"
"528",60.3937334,"Female"
"529",67.5984617,"Female"
"530",62.1260178,"Female"
"531",63.4646012,"Female"
"532",65.1968856,"Female"
"533",64.3701135,"Female"
"534",66.3386185,"Female"
"535",65.8661773,"Female"
"536",68.5433441,"Female"
"537",63.2677507,"Female"
"538",63.7008218,"Female"
"539",68.7401946,"Female"
"540",65.7874371,"Female"
"541",62.6771992,"Female"
"542",66.141768,"Female"
"543",64.8425547,"Female"
"544",65.1575155,"Female"
"545",66.6142092,"Female"
"546",62.8740497,"Female"
"547",65.6299567,"Female"
"548",65.7874371,"Female"
"549",63.0709002,"Female"
"550",64.960665,"Female"
"551",62.8740497,"Female"
"552",65.8268072,"Female"
"553",62.6378291,"Female"
"554",61.9685374,"Female"
"555",69.685077,"Female"
"556",63.385861,"Female"
"557",63.779562,"Female"
"558",62.1260178,"Female"
"559",69.7638172,"Female"
"560",60.9842849,"Female"
"561",64.8819248,"Female"
"562",68.6220843,"Female"
"563",66.141768,"Female"
"564",62.4409786,"Female"
"565",63.0709002,"Female"
"566",61.6142065,"Female"
"567",64.4094836,"Female"
"568",71.6142119,"Female"
"569",63.1102703,"Female"
"570",59.6063314,"Female"
"571",63.6220816,"Female"
"572",61.023655,"Female"
"573",67.6772019,"Female"
"574",65.3149959,"Female"
"575",63.8583022,"Female"
"576",64.3307434,"Female"
"577",66.4173587,"Female"
"578",63.1102703,"Female"
"579",65.2756258,"Female"
"580",61.1811354,"Female"
"581",64.6850743,"Female"
"582",64.2913733,"Female"
"583",68.4252338,"Female"
"584",65.2362557,"Female"
"585",62.7559394,"Female"
"586",67.9921627,"Female"
"587",60.0000324,"Female"
"588",62.598459,"Female"
"589",68.7795647,"Female"
"590",67.716572,"Female"
"591",62.8740497,"Female"
"592",65.9842876,"Female"
"593",66.92917,"Female"
"594",61.4567261,"Female"
"595",64.0157826,"Female"
"596",64.960665,"Female"
"597",63.0315301,"Female"
"598",68.0315328,"Female"
"599",64.5275939,"Female"
"600",64.7638145,"Female"
"601",60.4331035,"Female"
"602",64.9212949,"Female"
"603",65.1575155,"Female"
"604",64.1338929,"Female"
"605",70.1181481,"Female"
"606",63.5039713,"Female"
"607",62.3228683,"Female"
"608",65.5905866,"Female"
"609",62.8346796,"Female"
"610",65.4331062,"Female"
"611",60.3937334,"Female"
"612",66.6535793,"Female"
"613",66.1811381,"Female"
"614",64.7244444,"Female"
"615",63.5039713,"Female"
"616",60.8268045,"Female"
"617",65.2756258,"Female"
"618",60.3937334,"Female"
"619",64.960665,"Female"
"620",71.2992511,"Female"
"621",61.417356,"Female"
"622",63.6614517,"Female"
"623",64.6063341,"Female"
"624",67.0472803,"Female"
"625",64.4488537,"Female"
"626",62.4409786,"Female"
"627",63.3464909,"Female"
"628",63.8976723,"Female"
"629",58.267748,"Female"
"630",63.2283806,"Female"
"631",64.3701135,"Female"
"632",61.2205055,"Female"
"633",63.1890105,"Female"
"634",64.3701135,"Female"
"635",63.385861,"Female"
"636",66.9685401,"Female"
"637",65.6693268,"Female"
"638",67.0472803,"Female"
"639",61.0630251,"Female"
"640",67.0079102,"Female"
"641",61.3386158,"Female"
"642",67.9921627,"Female"
"643",67.1260205,"Female"
"644",59.9606623,"Female"
"645",66.5748391,"Female"
"646",62.99216,"Female"
"647",68.5433441,"Female"
"648",64.4488537,"Female"
"649",65.9055474,"Female"
"650",62.4803487,"Female"
"651",65.6299567,"Female"
"652",60.5512138,"Female"
"653",60.3937334,"Female"
"654",64.8819248,"Female"
"655",65.1968856,"Female"
"656",66.6929494,"Female"
"657",63.6614517,"Female"
"658",65.5905866,"Female"
"659",66.0630278,"Female"
"660",66.3386185,"Female"
"661",66.1023979,"Female"
"662",65.354366,"Female"
"663",63.0709002,"Female"
"664",65.5512165,"Female"
"665",61.8897972,"Female"
"666",63.385861,"Female"
"667",62.0079075,"Female"
"668",61.0630251,"Female"
"669",71.5354717,"Female"
"670",62.4016085,"Female"
"671",66.3779886,"Female"
"672",61.6929467,"Female"
"673",62.6771992,"Female"
"674",61.6929467,"Female"
"675",64.3307434,"Female"
"676",58.6220789,"Female"
"677",58.9764098,"Female"
"678",64.9212949,"Female"
"679",64.3701135,"Female"
"680",63.6614517,"Female"
"681",62.3622384,"Female"
"682",64.4094836,"Female"
"683",64.0157826,"Female"
"684",62.598459,"Female"
"685",65.4331062,"Female"
"686",62.598459,"Female"
"687",65.748067,"Female"
"688",62.7165693,"Female"
"689",62.8740497,"Female"
"690",64.4488537,"Female"
"691",68.110273,"Female"
"692",62.9134198,"Female"
"693",67.5197215,"Female"
"694",65.4724763,"Female"
"695",66.8897999,"Female"
"696",65.748067,"Female"
"697",62.1260178,"Female"
"698",60.7874344,"Female"
"699",59.3307407,"Female"
"700",63.3464909,"Female"
"701",62.0079075,"Female"
"702",60.5118437,"Female"
"703",62.7559394,"Female"
"704",61.8897972,"Female"
"705",66.0630278,"Female"
"706",62.0079075,"Female"
"707",63.3071208,"Female"
"708",64.4488537,"Female"
"709",62.6771992,"Female"
"710",65.7086969,"Female"
"711",66.92917,"Female"
"712",61.0630251,"Female"
"713",64.7244444,"Female"
"714",62.5197188,"Female"
"715",64.7244444,"Female"
"716",64.173263,"Female"
"717",65.748067,"Female"
"718",64.566964,"Female"
"719",69.4094863,"Female"
"720",64.8031846,"Female"
"721",64.7638145,"Female"
"722",65.9842876,"Female"
"723",65.9449175,"Female"
"724",63.1496404,"Female"
"725",65.8661773,"Female"
"726",65.2756258,"Female"
"727",65.1968856,"Female"
"728",63.7401919,"Female"
"729",60.9449148,"Female"
"730",61.811057,"Female"
"731",67.2047607,"Female"
"732",65.9449175,"Female"
"733",62.1260178,"Female"
"734",66.8897999,"Female"
"735",62.99216,"Female"
"736",58.8976696,"Female"
"737",65.8268072,"Female"
"738",69.9606677,"Female"
"739",64.9212949,"Female"
"740",69.1338956,"Female"
"741",60.6693241,"Female"
"742",64.3307434,"Female"
"743",67.9134225,"Female"
"744",66.2598783,"Female"
"745",68.2283833,"Female"
"746",59.3307407,"Female"
"747",64.2520032,"Female"
"748",68.7401946,"Female"
"749",63.779562,"Female"
"750",65.354366,"Female"
"751",65.1181454,"Female"
"752",63.9764125,"Female"
"753",61.6142065,"Female"
"754",63.0315301,"Female"
"755",62.5197188,"Female"
"756",61.811057,"Female"
"757",60.0000324,"Female"
"758",68.0315328,"Female"
"759",63.3071208,"Female"
"760",69.5669667,"Female"
"761",66.9685401,"Female"
"762",61.6535766,"Female"
"763",60.9055447,"Female"
"764",66.3386185,"Female"
"765",64.8031846,"Female"
"766",63.3071208,"Female"
"767",60.629954,"Female"
"768",62.8346796,"Female"
"769",64.0945228,"Female"
"770",66.3779886,"Female"
"771",64.6457042,"Female"
"772",60.1575128,"Female"
"773",71.0630305,"Female"
"774",63.8976723,"Female"
"775",62.2834982,"Female"
"776",65.4724763,"Female"
"777",63.1890105,"Female"
"778",65.9055474,"Female"
"779",63.0709002,"Female"
"780",67.6378318,"Female"
"781",63.1102703,"Female"
"782",62.9134198,"Female"
"783",68.5827142,"Female"
"784",68.3071235,"Female"
"785",62.8740497,"Female"
"786",62.4409786,"Female"
"787",63.1496404,"Female"
"788",72.2835036,"Female"
"789",62.4409786,"Female"
"790",62.2834982,"Female"
"791",64.2520032,"Female"
"792",63.779562,"Female"
"793",62.4016085,"Female"
"794",63.779562,"Female"
"795",69.8819275,"Female"
"796",64.0157826,"Female"
"797",64.8425547,"Female"
"798",64.960665,"Female"
"799",65.1181454,"Female"
"800",62.3228683,"Female"
"801",64.3307434,"Female"
"802",68.6220843,"Female"
"803",65.6299567,"Female"
"804",65.6693268,"Female"
"805",64.2520032,"Female"
"806",66.6142092,"Female"
"807",62.8346796,"Female"
"808",65.9055474,"Female"
"809",65.1181454,"Female"
"810",67.4016112,"Female"
"811",65.0787753,"Female"
"812",63.8583022,"Female"
"813",58.8582995,"Female"
"814",57.6378264,"Female"
"815",64.2520032,"Female"
"816",66.141768,"Female"
"817",67.3622411,"Female"
"818",63.0709002,"Female"
"819",58.8189294,"Female"
"820",66.6929494,"Female"
"821",65.9055474,"Female"
"822",62.2441281,"Female"
"823",65.8661773,"Female"
"824",63.5433414,"Female"
"825",65.5905866,"Female"
"826",64.8425547,"Female"
"827",62.598459,"Female"
"828",63.6614517,"Female"
"829",64.1338929,"Female"
"830",62.7165693,"Female"
"831",63.8976723,"Female"
"832",64.8819248,"Female"
"833",60.236253,"Female"
"834",64.2520032,"Female"
"835",64.6457042,"Female"
"836",65.5118464,"Female"
"837",64.2126331,"Female"
"838",60.8661746,"Female"
"839",64.4094836,"Female"
"840",63.5039713,"Female"
"841",60.5118437,"Female"
"842",62.0079075,"Female"
"843",65.1575155,"Female"
"844",65.9842876,"Female"
"845",67.0472803,"Female"
"846",62.1260178,"Female"
"847",62.1260178,"Female"
"848",64.7638145,"Female"
"849",65.354366,"Female"
"850",70.3149986,"Female"
"851",65.354366,"Female"
"852",66.6142092,"Female"
"853",66.8110597,"Female"
"854",64.3307434,"Female"
"855",61.9685374,"Female"
"856",62.204758,"Female"
"857",65.2756258,"Female"
"858",65.0787753,"Female"
"859",66.6142092,"Female"
"860",64.6850743,"Female"
"861",64.2913733,"Female"
"862",65.8268072,"Female"
"863",62.598459,"Female"
"864",60.8268045,"Female"
"865",61.8897972,"Female"
"866",66.7716896,"Female"
"867",62.99216,"Female"
"868",66.2992484,"Female"
"869",64.4094836,"Female"
"870",63.3071208,"Female"
"871",70.1968883,"Female"
"872",61.8504271,"Female"
"873",66.9685401,"Female"
"874",66.4567288,"Female"
"875",66.2205082,"Female"
"876",66.3779886,"Female"
"877",61.1417653,"Female"
"878",62.8346796,"Female"
"879",64.3307434,"Female"
"880",64.8031846,"Female"
"881",63.5827115,"Female"
"882",67.3622411,"Female"
"883",63.8976723,"Female"
"884",61.1417653,"Female"
"885",60.5118437,"Female"
"886",62.3622384,"Female"
"887",63.7008218,"Female"
"888",62.2441281,"Female"
"889",69.3701162,"Female"
"890",67.0079102,"Female"
"891",64.3701135,"Female"
"892",66.7323195,"Female"
"893",60.5118437,"Female"
"894",60.0394025,"Female"
"895",66.1023979,"Female"
"896",67.4409813,"Female"
"897",65.1575155,"Female"
"898",65.4724763,"Female"
"899",65.2756258,"Female"
"900",65.1968856,"Female"
"901",64.6457042,"Female"
"902",64.8819248,"Female"
"903",67.0472803,"Female"
"904",66.0630278,"Female"
"905",61.7716869,"Female"
"906",63.779562,"Female"
"907",57.7165666,"Female"
"908",62.6378291,"Female"
"909",67.0079102,"Female"
"910",61.4960962,"Female"
"911",61.2205055,"Female"
"912",60.6693241,"Female"
"913",60.236253,"Female"
"914",60.0394025,"Female"
"915",66.2598783,"Female"
"916",64.1338929,"Female"
"917",67.716572,"Female"
"918",61.5354663,"Female"
"919",66.2992484,"Female"
"920",64.7638145,"Female"
"921",68.3858637,"Female"
"922",68.0315328,"Female"
"923",61.8897972,"Female"
"924",62.1260178,"Female"
"925",61.3386158,"Female"
"926",69.4094863,"Female"
"927",67.1260205,"Female"
"928",60.9449148,"Female"
"929",63.9370424,"Female"
"930",59.7638118,"Female"
"931",63.385861,"Female"
"932",59.7244417,"Female"
"933",64.6850743,"Female"
"934",62.1260178,"Female"
"935",66.535469,"Female"
"936",62.204758,"Female"
"937",66.2598783,"Female"
"938",65.0787753,"Female"
"939",63.8189321,"Female"
"940",65.1181454,"Female"
"941",65.1968856,"Female"
"942",65.354366,"Female"
"943",64.0551527,"Female"
"944",60.5118437,"Female"
"945",68.5433441,"Female"
"946",64.4488537,"Female"
"947",62.5590889,"Female"
"948",66.3386185,"Female"
"949",65.0394052,"Female"
"950",65.1575155,"Female"
"951",59.2520005,"Female"
"952",64.3701135,"Female"
"953",66.1811381,"Female"
"954",63.5039713,"Female"
"955",61.9291673,"Female"
"956",68.9370451,"Female"
"957",61.6535766,"Female"
"958",66.2992484,"Female"
"959",65.8661773,"Female"
"960",64.0157826,"Female"
"961",69.9212976,"Female"
"962",61.6142065,"Female"
"963",61.811057,"Female"
"964",64.8819248,"Female"
"965",64.7638145,"Female"
"966",70.3543687,"Female"
"967",62.3228683,"Female"
"968",65.0000351,"Female"
"969",59.6457015,"Female"
"970",63.5039713,"Female"
"971",66.5748391,"Female"
"972",62.6771992,"Female"
"973",66.1811381,"Female"
"974",62.1260178,"Female"
"975",61.1023952,"Female"
"976",63.1890105,"Female"
"977",63.6614517,"Female"
"978",60.629954,"Female"
"979",65.1968856,"Female"
"980",66.2205082,"Female"
"981",60.5512138,"Female"
"982",63.8976723,"Female"
"983",65.6299567,"Female"
"984",70.2362584,"Female"
"985",70.5905893,"Female"
"986",67.6772019,"Female"
"987",63.5827115,"Female"
"988",60.0394025,"Female"
"989",65.4331062,"Female"
"990",63.779562,"Female"
"991",62.99216,"Female"
"992",61.1417653,"Female"
"993",64.8425547,"Female"
"994",64.3701135,"Female"
"995",62.7953095,"Female"
"996",63.385861,"Female"
"997",64.173263,"Female"
"998",66.5748391,"Female"
"999",64.6457042,"Female"
"1000",67.4409813,"Female"
"1001",65.4331062,"Female"
"1002",65.1181454,"Female"
"1003",67.1260205,"Female"
"1004",63.1890105,"Female"
"1005",61.4567261,"Female"
"1006",65.4331062,"Female"
"1007",68.2677534,"Female"
"1008",60.5512138,"Female"
"1009",66.2992484,"Female"
"1010",61.0630251,"Female"
"1011",62.0079075,"Female"
"1012",61.417356,"Female"
"1013",60.8268045,"Female"
"1014",64.0157826,"Female"
"1015",64.0551527,"Female"
"1016",63.8976723,"Female"
"1017",59.05515,"Female"
"1018",62.4016085,"Female"
"1019",67.322871,"Female"
"1020",63.8583022,"Female"
"1021",62.0079075,"Female"
"1022",68.2677534,"Female"
"1023",64.0945228,"Female"
"1024",61.4960962,"Female"
"1025",66.2598783,"Female"
"1026",67.0472803,"Female"
"1027",61.4960962,"Female"
"1028",63.779562,"Female"
"1029",63.779562,"Female"
"1030",63.779562,"Female"
"1031",62.8346796,"Female"
"1032",64.4488537,"Female"
"1033",60.9449148,"Female"
"1034",67.5984617,"Female"
"1035",61.8897972,"Female"
"1036",64.2913733,"Female"
"1037",56.8110543,"Female"
"1038",65.8661773,"Female"
"1039",66.2205082,"Female"
"1040",67.4016112,"Female"
"1041",66.2205082,"Female"
"1042",66.4173587,"Female"
"1043",67.1653906,"Female"
"1044",63.2677507,"Female"
"1045",63.3071208,"Female"
"1046",64.7638145,"Female"
"1047",65.1575155,"Female"
"1048",67.4803514,"Female"
"1049",68.1496431,"Female"
"1050",62.4409786,"Female"
"1051",64.7638145,"Female"
"1052",64.566964,"Female"
"1053",60.4724736,"Female"
"1054",61.7323168,"Female"
"1055",67.5984617,"Female"
"1056",62.9134198,"Female"
"1057",64.173263,"Female"
"1058",61.6929467,"Female"
"1059",63.4252311,"Female"
"1060",61.5748364,"Female"
"1061",61.4960962,"Female"
"1062",62.7953095,"Female"
"1063",62.8740497,"Female"
"1064",64.4882238,"Female"
"1065",61.0630251,"Female"
"1066",60.3937334,"Female"
"1067",66.535469,"Female"
"1068",64.4488537,"Female"
"1069",68.9764152,"Female"
"1070",64.3701135,"Female"
"1071",63.7008218,"Female"
"1072",63.8189321,"Female"
"1073",64.2520032,"Female"
"1074",62.7165693,"Female"
"1075",60.8268045,"Female"
"1076",68.4252338,"Female"
"1077",61.2205055,"Female"
"1078",65.7874371,"Female"
"1079",65.748067,"Female"
"1080",64.4488537,"Female"
"1081",66.2992484,"Female"
"1082",64.8031846,"Female"
"1083",65.9842876,"Female"
"1084",63.4646012,"Female"
"1085",62.3228683,"Female"
"1086",63.0709002,"Female"
"1087",63.1890105,"Female"
"1088",63.3071208,"Female"
"1089",65.9055474,"Female"
"1090",62.5197188,"Female"
"1091",60.5512138,"Female"
"1092",58.7401892,"Female"
"1093",66.92917,"Female"
"1094",66.2992484,"Female"
"1095",66.7323195,"Female"
"1096",65.6299567,"Female"
"1097",70.0000378,"Female"
"1098",61.1417653,"Female"
"1099",63.1102703,"Female"
"1100",62.3622384,"Female"
"1101",65.1575155,"Female"
"1102",67.8346823,"Female"
"1103",62.4016085,"Female"
"1104",64.4488537,"Female"
"1105",63.2677507,"Female"
"1106",66.2205082,"Female"
"1107",66.2992484,"Female"
"1108",64.173263,"Female"
"1109",67.0866504,"Female"
"1110",61.7716869,"Female"
"1111",62.4803487,"Female"
"1112",65.9842876,"Female"
"1113",62.5590889,"Female"
"1114",63.385861,"Female"
"1115",62.99216,"Female"
"1116",65.7086969,"Female"
"1117",66.4567288,"Female"
"1118",61.023655,"Female"
"1119",65.1181454,"Female"
"1120",63.8976723,"Female"
"1121",68.0315328,"Female"
"1122",68.897675,"Female"
"1123",62.6378291,"Female"
"1124",62.8740497,"Female"
"1125",67.5197215,"Female"
"1126",65.6299567,"Female"
"1127",68.110273,"Female"
"1128",64.7244444,"Female"
"1129",66.2205082,"Female"
"1130",61.5354663,"Female"
"1131",70.2756285,"Female"
"1132",64.566964,"Female"
"1133",65.9055474,"Female"
"1134",65.9055474,"Female"
"1135",61.6929467,"Female"
"1136",62.3228683,"Female"
"1137",59.8819221,"Female"
"1138",62.99216,"Female"
"1139",62.4016085,"Female"
"1140",62.1653879,"Female"
"1141",65.0787753,"Female"
"1142",66.8110597,"Female"
"1143",63.1102703,"Female"
"1144",65.2756258,"Female"
"1145",60.8661746,"Female"
"1146",63.1890105,"Female"
"1147",62.598459,"Female"
"1148",64.3307434,"Female"
"1149",63.6614517,"Female"
"1150",63.2677507,"Female"
"1151",61.5354663,"Female"
"1152",65.748067,"Female"
"1153",66.6535793,"Female"
"1154",64.4094836,"Female"
"1155",65.8661773,"Female"
"1156",66.6142092,"Female"
"1157",66.6142092,"Female"
"1158",63.2283806,"Female"
"1159",65.1181454,"Female"
"1160",66.2205082,"Female"
"1161",68.4252338,"Female"
"1162",65.0000351,"Female"
"1163",65.1575155,"Female"
"1164",62.2834982,"Female"
"1165",65.5118464,"Female"
"1166",68.3858637,"Female"
"1167",63.8583022,"Female"
"1168",65.1181454,"Female"
"1169",64.2126331,"Female"
"1170",62.1260178,"Female"
"1171",68.1890132,"Female"
"1172",63.8976723,"Female"
"1173",68.110273,"Female"
"1174",59.7638118,"Female"
"1175",67.6378318,"Female"
"1176",65.8661773,"Female"
"1177",60.0394025,"Female"
"1178",64.4488537,"Female"
"1179",64.4488537,"Female"
"1180",63.5827115,"Female"
"1181",61.9291673,"Female"
"1182",64.7244444,"Female"
"1183",64.2126331,"Female"
"1184",65.1575155,"Female"
"1185",61.1023952,"Female"
"1186",62.7559394,"Female"
"1187",68.3071235,"Female"
"1188",62.204758,"Female"
"1189",67.322871,"Female"
"1190",61.5748364,"Female"
"1191",65.6693268,"Female"
"1192",60.7086942,"Female"
"1193",63.5433414,"Female"
"1194",67.1653906,"Female"
"1195",66.92917,"Female"
"1196",63.9764125,"Female"
"1197",63.6220816,"Female"
"1198",63.2283806,"Female"
"1199",67.5984617,"Female"
"1200",64.3701135,"Female"
"1201",62.5590889,"Female"
"1202",65.2756258,"Female"
"1203",63.2677507,"Female"
"1204",65.5512165,"Female"
"1205",61.1023952,"Female"
"1206",63.779562,"Female"
"1207",62.7165693,"Female"
"1208",64.0157826,"Female"
"1209",64.4882238,"Female"
"1210",65.1968856,"Female"
"1211",65.2362557,"Female"
"1212",64.4094836,"Female"
"1213",60.3543633,"Female"
"1214",66.7323195,"Female"
"1215",63.2283806,"Female"
"1216",65.8268072,"Female"
"1217",60.9055447,"Female"
"1218",65.1575155,"Female"
"1219",68.1496431,"Female"
"1220",63.1890105,"Female"
"1221",62.1653879,"Female"
"1222",62.6378291,"Female"
"1223",63.9370424,"Female"
"1224",65.1575155,"Female"
"1225",63.779562,"Female"
"1226",66.2598783,"Female"
"1227",64.566964,"Female"
"1228",65.2362557,"Female"
"1229",57.8346769,"Female"
"1230",63.9764125,"Female"
"1231",61.8897972,"Female"
"1232",66.6535793,"Female"
"1233",61.6535766,"Female"
"1234",64.2913733,"Female"
"1235",69.0157853,"Female"
"1236",65.354366,"Female"
"1237",63.2283806,"Female"
"1238",63.385861,"Female"
"1239",61.2992457,"Female"
"1240",65.3937361,"Female"
"1241",64.6063341,"Female"
"1242",62.1260178,"Female"
"1243",61.1811354,"Female"
"1244",64.5275939,"Female"
"1245",65.1575155,"Female"
"1246",61.2992457,"Female"
"1247",62.7165693,"Female"
"1248",63.4252311,"Female"
"1249",66.5748391,"Female"
"1250",62.8740497,"Female"
"1251",62.7165693,"Female"
"1252",61.417356,"Female"
"1253",64.0945228,"Female"
"1254",67.0472803,"Female"
"1255",63.3464909,"Female"
"1256",63.6614517,"Female"
"1257",61.417356,"Female"
"1258",67.2441308,"Female"
"1259",67.4803514,"Female"
"1260",61.8897972,"Female"
"1261",59.3701108,"Female"
"1262",69.4488564,"Female"
"1263",65.7086969,"Female"
"1264",66.141768,"Female"
"1265",60.3149932,"Female"
"1266",65.8661773,"Female"
"1267",61.811057,"Female"
"1268",59.3701108,"Female"
"1269",64.8819248,"Female"
"1270",65.354366,"Female"
"1271",64.173263,"Female"
"1272",65.0394052,"Female"
"1273",59.7244417,"Female"
"1274",60.8661746,"Female"
"1275",66.3779886,"Female"
"1276",61.3779859,"Female"
"1277",65.8661773,"Female"
"1278",69.1338956,"Female"
"1279",63.4646012,"Female"
"1280",64.8819248,"Female"
"1281",63.8976723,"Female"
"1282",62.0472776,"Female"
"1283",66.141768,"Female"
"1284",69.9606677,"Female"
"1285",62.3228683,"Female"
"1286",57.2441254,"Female"
"1287",66.4173587,"Female"
"1288",64.7244444,"Female"
"1289",64.1338929,"Female"
"1290",62.7165693,"Female"
"1291",61.5354663,"Female"
"1292",61.811057,"Female"
"1293",65.6299567,"Female"
"1294",59.448851,"Female"
"1295",66.5748391,"Female"
"1296",65.2362557,"Female"
"1297",63.1102703,"Female"
"1298",62.4803487,"Female"
"1299",62.7165693,"Female"
"1300",58.3858583,"Female"
"1301",65.5512165,"Female"
"1302",66.1023979,"Female"
"1303",61.6929467,"Female"
"1304",65.4724763,"Female"
"1305",65.1181454,"Female"
"1306",65.1968856,"Female"
"1307",65.2756258,"Female"
"1308",60.236253,"Female"
"1309",64.7638145,"Female"
"1310",63.3464909,"Female"
"1311",67.7559421,"Female"
"1312",65.9055474,"Female"
"1313",65.0000351,"Female"
"1314",65.5118464,"Female"
"1315",64.2913733,"Female"
"1316",62.3228683,"Female"
"1317",66.3779886,"Female"
"1318",69.5669667,"Female"
"1319",60.8661746,"Female"
"1320",62.1653879,"Female"
"1321",64.4882238,"Female"
"1322",57.086645,"Female"
"1323",68.2677534,"Female"
"1324",66.4567288,"Female"
"1325",63.8189321,"Female"
"1326",66.9685401,"Female"
"1327",65.0787753,"Female"
"1328",64.8425547,"Female"
"1329",62.1653879,"Female"
"1330",62.204758,"Female"
"1331",67.6378318,"Female"
"1332",68.4646039,"Female"
"1333",66.8110597,"Female"
"1334",66.4173587,"Female"
"1335",64.960665,"Female"
"1336",67.1653906,"Female"
"1337",66.141768,"Female"
"1338",65.6693268,"Female"
"1339",58.7795593,"Female"
"1340",63.3071208,"Female"
"1341",65.8661773,"Female"
"1342",61.2992457,"Female"
"1343",69.7638172,"Female"
"1344",60.1968829,"Female"
"1345",64.8819248,"Female"
"1346",62.204758,"Female"
"1347",65.7086969,"Female"
"1348",64.566964,"Female"
"1349",62.5197188,"Female"
"1350",64.0945228,"Female"
"1351",65.6299567,"Female"
"1352",65.9449175,"Female"
"1353",67.4016112,"Female"
"1354",64.3701135,"Female"
"1355",63.1102703,"Female"
"1356",62.7953095,"Female"
"1357",63.8583022,"Female"
"1358",64.6457042,"Female"
"1359",68.110273,"Female"
"1360",64.8425547,"Female"
"1361",66.8504298,"Female"
"1362",67.3622411,"Female"
"1363",64.2913733,"Female"
"1364",64.6457042,"Female"
"1365",64.4094836,"Female"
"1366",62.5197188,"Female"
"1367",61.8504271,"Female"
"1368",62.99216,"Female"
"1369",65.1575155,"Female"
"1370",67.3622411,"Female"
"1371",59.9606623,"Female"
"1372",62.1260178,"Female"
"1373",64.0551527,"Female"
"1374",65.4331062,"Female"
"1375",60.7480643,"Female"
"1376",64.3307434,"Female"
"1377",62.598459,"Female"
"1378",63.1102703,"Female"
"1379",61.1811354,"Female"
"1380",62.99216,"Female"
"1381",65.1181454,"Female"
"1382",64.960665,"Female"
"1383",64.960665,"Female"
"1384",69.3701162,"Female"
"1385",61.7323168,"Female"
"1386",62.9134198,"Female"
"1387",66.9685401,"Female"
"1388",70.6693295,"Female"
"1389",66.3386185,"Female"
"1390",58.7795593,"Female"
"1391",61.5748364,"Female"
"1392",60.5118437,"Female"
"1393",65.6299567,"Female"
"1394",65.5118464,"Female"
"1395",64.0551527,"Female"
"1396",67.2047607,"Female"
"1397",65.6693268,"Female"
"1398",63.8583022,"Female"
"1399",66.141768,"Female"
"1400",63.9370424,"Female"
"1401",65.0394052,"Female"
"1402",62.4409786,"Female"
"1403",62.99216,"Female"
"1404",62.99216,"Female"
"1405",66.7323195,"Female"
"1406",64.6850743,"Female"
"1407",62.6771992,"Female"
"1408",59.05515,"Female"
"1409",67.2441308,"Female"
"1410",65.6299567,"Female"
"1411",61.023655,"Female"
"1412",62.4803487,"Female"
"1413",65.9055474,"Female"
"1414",67.2441308,"Female"
"1415",64.566964,"Female"
"1416",65.3937361,"Female"
"1417",64.6457042,"Female"
"1418",65.6299567,"Female"
"1419",63.8189321,"Female"
"1420",67.2047607,"Female"
"1421",62.3228683,"Female"
"1422",59.6850716,"Female"
"1423",63.1102703,"Female"
"1424",65.9449175,"Female"
"1425",62.7165693,"Female"
"1426",61.2598756,"Female"
"1427",65.7874371,"Female"
"1428",64.960665,"Female"
"1429",65.4724763,"Female"
"1430",64.0945228,"Female"
"1431",65.5512165,"Female"
"1432",62.9527899,"Female"
"1433",62.5590889,"Female"
"1434",67.2441308,"Female"
"1435",61.0630251,"Female"
"1436",62.598459,"Female"
"1437",62.4803487,"Female"
"1438",60.4331035,"Female"
"1439",61.6929467,"Female"
"1440",66.0236577,"Female"
"1441",66.3386185,"Female"
"1442",69.0945255,"Female"
"1443",61.7716869,"Female"
"1444",66.0630278,"Female"
"1445",63.2677507,"Female"
"1446",64.4488537,"Female"
"1447",66.3386185,"Female"
"1448",64.3701135,"Female"
"1449",64.2520032,"Female"
"1450",65.5118464,"Female"
"1451",68.7795647,"Female"
"1452",67.9527926,"Female"
"1453",65.7874371,"Female"
"1454",63.0709002,"Female"
"1455",65.5512165,"Female"
"1456",59.8819221,"Female"
"1457",66.7716896,"Female"
"1458",64.8425547,"Female"
"1459",58.7401892,"Female"
"1460",61.6535766,"Female"
"1461",61.8504271,"Female"
"1462",60.0787726,"Female"
"1463",65.0394052,"Female"
"1464",64.0551527,"Female"
"1465",62.0866477,"Female"
"1466",66.4173587,"Female"
"1467",63.5039713,"Female"
"1468",67.1260205,"Female"
"1469",65.0787753,"Female"
"1470",65.9449175,"Female"
"1471",61.7716869,"Female"
"1472",68.503974,"Female"
"1473",65.3937361,"Female"
"1474",72.2835036,"Female"
"1475",65.0787753,"Female"
"1476",64.2913733,"Female"
"1477",61.3386158,"Female"
"1478",64.4094836,"Female"
"1479",60.5118437,"Female"
"1480",62.7953095,"Female"
"1481",66.4960989,"Female"
"1482",62.1653879,"Female"
"1483",62.598459,"Female"
"1484",65.0787753,"Female"
"1485",62.1260178,"Female"
"1486",63.2283806,"Female"
"1487",62.1260178,"Female"
"1488",67.1260205,"Female"
"1489",69.6063368,"Female"
"1490",60.9449148,"Female"
"1491",65.0394052,"Female"
"1492",62.0472776,"Female"
"1493",68.9764152,"Female"
"1494",66.4567288,"Female"
"1495",59.8819221,"Female"
"1496",63.2283806,"Female"
"1497",65.3937361,"Female"
"1498",63.1496404,"Female"
"1499",61.8897972,"Female"
"1500",65.4331062,"Female"
"1501",67.7953122,"Female"
"1502",60.7874344,"Female"
"1503",66.0236577,"Female"
"1504",63.0315301,"Female"
"1505",62.5590889,"Female"
"1506",64.566964,"Female"
"1507",65.748067,"Female"
"1508",64.3307434,"Female"
"1509",63.2677507,"Female"
"1510",63.5433414,"Female"
"1511",60.8661746,"Female"
"1512",62.9527899,"Female"
"1513",62.8346796,"Female"
"1514",63.779562,"Female"
"1515",64.8031846,"Female"
"1516",58.7795593,"Female"
"1517",63.2283806,"Female"
"1518",62.7953095,"Female"
"1519",63.1890105,"Female"
"1520",61.2992457,"Female"
"1521",61.811057,"Female"
"1522",64.7638145,"Female"
"1523",62.0866477,"Female"
"1524",62.1260178,"Female"
"1525",68.3464936,"Female"
"1526",65.2756258,"Female"
"1527",66.2598783,"Female"
"1528",63.1890105,"Female"
"1529",63.779562,"Female"
"1530",63.385861,"Female"
"1531",59.6457015,"Female"
"1532",64.4094836,"Female"
"1533",57.086645,"Female"
"1534",64.8819248,"Female"
"1535",61.3779859,"Female"
"1536",65.9842876,"Female"
"1537",62.4803487,"Female"
"1538",67.4409813,"Female"
"1539",60.0787726,"Female"
"1540",65.5905866,"Female"
"1541",64.566964,"Female"
"1542",65.9449175,"Female"
"1543",65.6299567,"Female"
"1544",67.6378318,"Female"
"1545",63.8976723,"Female"
"1546",64.0157826,"Female"
"1547",63.3071208,"Female"
"1548",61.7323168,"Female"
"1549",60.5118437,"Female"
"1550",62.9527899,"Female"
"1551",62.6771992,"Female"
"1552",69.7638172,"Female"
"1553",61.811057,"Female"
"1554",62.8346796,"Female"
"1555",68.3464936,"Female"
"1556",62.9134198,"Female"
"1557",62.3622384,"Female"
"1558",68.2677534,"Female"
"1559",65.2362557,"Female"
"1560",70.2756285,"Female"
"1561",61.9685374,"Female"
"1562",68.1496431,"Female"
"1563",62.5197188,"Female"
"1564",59.1732603,"Female"
"1565",64.3701135,"Female"
"1566",63.779562,"Female"
"1567",67.2441308,"Female"
"1568",63.0315301,"Female"
"1569",67.2441308,"Female"
"1570",66.92917,"Female"
"1571",61.8504271,"Female"
"1572",63.1102703,"Female"
"1573",66.3779886,"Female"
"1574",64.3701135,"Female"
"1575",64.8819248,"Female"
"1576",65.2756258,"Female"
"1577",66.6929494,"Female"
"1578",62.7165693,"Female"
"1579",61.4960962,"Female"
"1580",67.2441308,"Female"
"1581",61.1811354,"Female"
"1582",60.3543633,"Female"
"1583",64.8819248,"Female"
"1584",63.9764125,"Female"
"1585",62.9527899,"Female"
"1586",69.8425574,"Female"
"1587",65.354366,"Female"
"1588",61.9291673,"Female"
"1589",67.1653906,"Female"
"1590",66.2205082,"Female"
"1591",61.811057,"Female"
"1592",61.417356,"Female"
"1593",63.3071208,"Female"
"1594",59.9606623,"Female"
"1595",63.8583022,"Female"
"1596",63.8976723,"Female"
"1597",64.4882238,"Female"
"1598",64.6850743,"Female"
"1599",65.1575155,"Female"
"1600",65.3149959,"Female"
"1601",65.0787753,"Female"
"1602",65.2362557,"Female"
"1603",66.6142092,"Female"
"1604",63.8976723,"Female"
"1605",65.7874371,"Female"
"1606",65.5118464,"Female"
"1607",66.7323195,"Female"
"1608",62.1260178,"Female"
"1609",62.5197188,"Female"
"1610",62.7953095,"Female"
"1611",64.173263,"Female"
"1612",63.5827115,"Female"
"1613",67.5984617,"Female"
"1614",68.9764152,"Female"
"1615",64.2913733,"Female"
"1616",61.2598756,"Female"
"1617",60.5512138,"Female"
"1618",62.204758,"Female"
"1619",64.0945228,"Female"
"1620",62.0472776,"Female"
"1621",61.023655,"Female"
"1622",64.960665,"Female"
"1623",68.7008245,"Female"
"1624",68.1496431,"Female"
"1625",61.9685374,"Female"
"1626",60.629954,"Female"
"1627",65.0394052,"Female"
"1628",67.7953122,"Female"
"1629",63.0315301,"Female"
"1630",67.8346823,"Female"
"1631",62.2834982,"Female"
"1632",62.0079075,"Female"
"1633",63.1102703,"Female"
"1634",59.842552,"Female"
"1635",60.5118437,"Female"
"1636",64.8819248,"Female"
"1637",63.5039713,"Female"
"1638",66.3386185,"Female"
"1639",67.1653906,"Female"
"1640",65.2756258,"Female"
"1641",64.8031846,"Female"
"1642",64.2520032,"Female"
"1643",66.1811381,"Female"
"1644",62.7165693,"Female"
"1645",62.4409786,"Female"
"1646",61.8504271,"Female"
"1647",63.6220816,"Female"
"1648",65.4724763,"Female"
"1649",61.5748364,"Female"
"1650",59.0945201,"Female"
"1651",63.5039713,"Female"
"1652",67.0472803,"Female"
"1653",65.354366,"Female"
"1654",61.7716869,"Female"
"1655",60.9055447,"Female"
"1656",64.566964,"Female"
"1657",67.1260205,"Female"
"1658",60.9449148,"Female"
"1659",64.2126331,"Female"
"1660",59.6850716,"Female"
"1661",64.6457042,"Female"
"1662",66.4567288,"Female"
"1663",62.5197188,"Female"
"1664",62.6378291,"Female"
"1665",65.354366,"Female"
"1666",67.4409813,"Female"
"1667",67.7559421,"Female"
"1668",63.8189321,"Female"
"1669",65.6693268,"Female"
"1670",65.7874371,"Female"
"1671",67.4409813,"Female"
"1672",61.811057,"Female"
"1673",62.99216,"Female"
"1674",60.0000324,"Female"
"1675",66.9685401,"Female"
"1676",63.4252311,"Female"
"1677",62.2834982,"Female"
"1678",59.5669613,"Female"
"1679",64.2520032,"Female"
"1680",67.3622411,"Female"
"1681",65.3149959,"Female"
"1682",64.2913733,"Female"
"1683",62.1260178,"Female"
"1684",62.9527899,"Female"
"1685",60.9449148,"Female"
"1686",65.4724763,"Female"
"1687",68.2677534,"Female"
"1688",65.1968856,"Female"
"1689",67.1260205,"Female"
"1690",61.7323168,"Female"
"1691",67.0866504,"Female"
"1692",58.2283779,"Female"
"1693",64.3307434,"Female"
"1694",62.99216,"Female"
"1695",61.6535766,"Female"
"1696",66.4960989,"Female"
"1697",64.2126331,"Female"
"1698",66.6142092,"Female"
"1699",68.0315328,"Female"
"1700",65.7874371,"Female"
"1701",61.4960962,"Female"
"1702",67.1653906,"Female"
"1703",64.173263,"Female"
"1704",64.0945228,"Female"
"1705",66.141768,"Female"
"1706",65.2362557,"Female"
"1707",66.2205082,"Female"
"1708",62.8346796,"Female"
"1709",70.3937388,"Female"
"1710",62.9134198,"Female"
"1711",65.1575155,"Female"
"1712",60.8661746,"Female"
"1713",61.2205055,"Female"
"1714",64.1338929,"Female"
"1715",65.2756258,"Female"
"1716",63.9370424,"Female"
"1717",61.7716869,"Female"
"1718",61.8504271,"Female"
"1719",68.110273,"Female"
"1720",63.2283806,"Female"
"1721",60.629954,"Female"
"1722",58.8976696,"Female"
"1723",56.2205028,"Female"
"1724",62.598459,"Female"
"1725",61.1417653,"Female"
"1726",65.0394052,"Female"
"1727",62.4803487,"Female"
"1728",65.4331062,"Female"
"1729",68.6614544,"Female"
"1730",60.9449148,"Female"
"1731",64.9212949,"Female"
"1732",68.1890132,"Female"
"1733",67.4016112,"Female"
"1734",66.5748391,"Female"
"1735",66.7323195,"Female"
"1736",66.0630278,"Female"
"1737",61.6535766,"Female"
"1738",68.7401946,"Female"
"1739",60.3543633,"Female"
"1740",60.1575128,"Female"
"1741",64.8425547,"Female"
"1742",65.6299567,"Female"
"1743",69.1338956,"Female"
"1744",61.7323168,"Female"
"1745",61.5354663,"Female"
"1746",63.1102703,"Female"
"1747",62.2441281,"Female"
"1748",62.8740497,"Female"
"1749",65.0394052,"Female"
"1750",66.3779886,"Female"
"1751",61.7323168,"Female"
"1752",67.4016112,"Female"
"1753",64.3701135,"Female"
"1754",66.6535793,"Female"
"1755",65.0787753,"Female"
"1756",62.6771992,"Female"
"1757",62.6771992,"Female"
"1758",64.7638145,"Female"
"1759",62.1260178,"Female"
"1760",64.4488537,"Female"
"1761",60.1968829,"Female"
"1762",62.4409786,"Female"
"1763",64.5275939,"Female"
"1764",63.385861,"Female"
"1765",67.1653906,"Female"
"1766",63.4252311,"Female"
"1767",67.322871,"Female"
"1768",60.8268045,"Female"
"1769",64.8031846,"Female"
"1770",69.8819275,"Female"
"1771",64.960665,"Female"
"1772",64.6850743,"Female"
"1773",67.2047607,"Female"
"1774",59.1338902,"Female"
"1775",68.3071235,"Male"
"1776",72.047283,"Male"
"1777",67.9527926,"Male"
"1778",70.1968883,"Male"
"1779",65.7086969,"Male"
"1780",69.2126358,"Male"
"1781",70.3937388,"Male"
"1782",72.0079129,"Male"
"1783",68.7008245,"Male"
"1784",64.6850743,"Male"
"1785",66.8504298,"Male"
"1786",67.9921627,"Male"
"1787",68.2677534,"Male"
"1788",66.2992484,"Male"
"1789",65.6299567,"Male"
"1790",66.141768,"Male"
"1791",70.2756285,"Male"
"1792",74.2126385,"Male"
"1793",72.4803541,"Male"
"1794",67.0079102,"Male"
"1795",68.4252338,"Male"
"1796",68.1890132,"Male"
"1797",68.4646039,"Male"
"1798",73.8976777,"Male"
"1799",67.9134225,"Male"
"1800",67.0866504,"Male"
"1801",68.8189348,"Male"
"1802",64.8425547,"Male"
"1803",66.8897999,"Male"
"1804",69.3307461,"Male"
"1805",65.7874371,"Male"
"1806",64.7244444,"Male"
"1807",68.4646039,"Male"
"1808",68.8583049,"Male"
"1809",72.6378345,"Male"
"1810",76.9291754,"Male"
"1811",72.5984644,"Male"
"1812",63.0315301,"Male"
"1813",72.6772046,"Male"
"1814",65.8268072,"Male"
"1815",76.1417734,"Male"
"1816",73.3071262,"Male"
"1817",66.6929494,"Male"
"1818",68.503974,"Male"
"1819",68.4646039,"Male"
"1820",67.6772019,"Male"
"1821",67.7953122,"Male"
"1822",69.9212976,"Male"
"1823",74.6850797,"Male"
"1824",68.110273,"Male"
"1825",66.4567288,"Male"
"1826",66.6142092,"Male"
"1827",70.0000378,"Male"
"1828",71.8110624,"Male"
"1829",68.6614544,"Male"
"1830",69.4094863,"Male"
"1831",73.1890159,"Male"
"1832",65.7086969,"Male"
"1833",67.1260205,"Male"
"1834",69.0945255,"Male"
"1835",69.1338956,"Male"
"1836",73.4646066,"Male"
"1837",72.3228737,"Male"
"1838",69.2126358,"Male"
"1839",72.3228737,"Male"
"1840",72.2441335,"Male"
"1841",69.1338956,"Male"
"1842",74.2913787,"Male"
"1843",71.5354717,"Male"
"1844",67.716572,"Male"
"1845",72.2835036,"Male"
"1846",63.6614517,"Male"
"1847",65.748067,"Male"
"1848",70.7086996,"Male"
"1849",64.1338929,"Male"
"1850",68.1496431,"Male"
"1851",67.6378318,"Male"
"1852",72.7953149,"Male"
"1853",72.834685,"Male"
"1854",66.7716896,"Male"
"1855",73.1496458,"Male"
"1856",70.6693295,"Male"
"1857",72.8740551,"Male"
"1858",69.4094863,"Male"
"1859",71.2205109,"Male"
"1860",68.3071235,"Male"
"1861",70.0000378,"Male"
"1862",67.2441308,"Male"
"1863",71.5748418,"Male"
"1864",74.3307488,"Male"
"1865",73.7008272,"Male"
"1866",67.4409813,"Male"
"1867",68.7795647,"Male"
"1868",67.9527926,"Male"
"1869",69.8425574,"Male"
"1870",67.6378318,"Male"
"1871",68.503974,"Male"
"1872",69.0945255,"Male"
"1873",68.1890132,"Male"
"1874",66.3386185,"Male"
"1875",69.4488564,"Male"
"1876",67.3622411,"Male"
"1877",69.5275966,"Male"
"1878",65.8268072,"Male"
"1879",67.322871,"Male"
"1880",67.9527926,"Male"
"1881",71.8504325,"Male"
"1882",70.4331089,"Male"
"1883",65.3937361,"Male"
"1884",68.3071235,"Male"
"1885",73.9370478,"Male"
"1886",68.503974,"Male"
"1887",68.4252338,"Male"
"1888",72.3228737,"Male"
"1889",68.6220843,"Male"
"1890",73.5827169,"Male"
"1891",72.1653933,"Male"
"1892",64.7244444,"Male"
"1893",69.7244471,"Male"
"1894",70.0000378,"Male"
"1895",75.0787807,"Male"
"1896",71.1024006,"Male"
"1897",75.3150013,"Male"
"1898",73.9764179,"Male"
"1899",71.8504325,"Male"
"1900",66.535469,"Male"
"1901",70.4331089,"Male"
"1902",70.8268099,"Male"
"1903",70.6693295,"Male"
"1904",68.5433441,"Male"
"1905",69.8819275,"Male"
"1906",67.8740524,"Male"
"1907",65.7874371,"Male"
"1908",70.2756285,"Male"
"1909",70.6693295,"Male"
"1910",68.5433441,"Male"
"1911",66.7716896,"Male"
"1912",70.472479,"Male"
"1913",69.3307461,"Male"
"1914",63.5433414,"Male"
"1915",73.228386,"Male"
"1916",67.9527926,"Male"
"1917",69.8425574,"Male"
"1918",69.4094863,"Male"
"1919",71.4567315,"Male"
"1920",68.0315328,"Male"
"1921",67.0472803,"Male"
"1922",69.685077,"Male"
"1923",67.0866504,"Male"
"1924",69.1732657,"Male"
"1925",68.897675,"Male"
"1926",70.7874398,"Male"
"1927",71.1417707,"Male"
"1928",63.8976723,"Male"
"1929",65.1181454,"Male"
"1930",72.7165747,"Male"
"1931",67.0472803,"Male"
"1932",69.7244471,"Male"
"1933",68.4646039,"Male"
"1934",69.8819275,"Male"
"1935",66.9685401,"Male"
"1936",69.5275966,"Male"
"1937",70.7480697,"Male"
"1938",73.0709056,"Male"
"1939",72.0866531,"Male"
"1940",68.5827142,"Male"
"1941",68.4646039,"Male"
"1942",71.2992511,"Male"
"1943",73.622087,"Male"
"1944",68.0709029,"Male"
"1945",66.7323195,"Male"
"1946",71.8898026,"Male"
"1947",65.9449175,"Male"
"1948",70.5118491,"Male"
"1949",67.3622411,"Male"
"1950",68.110273,"Male"
"1951",69.8031873,"Male"
"1952",65.9842876,"Male"
"1953",72.9527953,"Male"
"1954",71.8110624,"Male"
"1955",68.0315328,"Male"
"1956",67.322871,"Male"
"1957",69.9606677,"Male"
"1958",70.4331089,"Male"
"1959",67.2441308,"Male"
"1960",68.7401946,"Male"
"1961",68.4252338,"Male"
"1962",67.6772019,"Male"
"1963",68.3071235,"Male"
"1964",69.7638172,"Male"
"1965",73.7401973,"Male"
"1966",66.8110597,"Male"
"1967",69.2126358,"Male"
"1968",71.5354717,"Male"
"1969",73.622087,"Male"
"1970",73.5433468,"Male"
"1971",70.2362584,"Male"
"1972",69.4094863,"Male"
"1973",68.8583049,"Male"
"1974",68.9764152,"Male"
"1975",70.2362584,"Male"
"1976",69.6457069,"Male"
"1977",69.9212976,"Male"
"1978",68.2283833,"Male"
"1979",70.2362584,"Male"
"1980",67.5197215,"Male"
"1981",70.0000378,"Male"
"1982",69.1732657,"Male"
"1983",70.078778,"Male"
"1984",70.6299594,"Male"
"1985",68.9764152,"Male"
"1986",71.0630305,"Male"
"1987",70.9842903,"Male"
"1988",73.0315355,"Male"
"1989",73.3858664,"Male"
"1990",67.4803514,"Male"
"1991",70.9842903,"Male"
"1992",69.3701162,"Male"
"1993",71.7716923,"Male"
"1994",70.0394079,"Male"
"1995",74.5669694,"Male"
"1996",69.3701162,"Male"
"1997",74.0945282,"Male"
"1998",72.2835036,"Male"
"1999",65.354366,"Male"
"2000",65.8661773,"Male"
"2001",73.6614571,"Male"
"2002",68.7401946,"Male"
"2003",68.8583049,"Male"
"2004",68.110273,"Male"
"2005",69.7638172,"Male"
"2006",64.1338929,"Male"
"2007",65.1181454,"Male"
"2008",70.5512192,"Male"
"2009",72.4016139,"Male"
"2010",66.4960989,"Male"
"2011",69.3701162,"Male"
"2012",69.1338956,"Male"
"2013",67.0866504,"Male"
"2014",71.8898026,"Male"
"2015",67.8346823,"Male"
"2016",69.1732657,"Male"
"2017",72.2047634,"Male"
"2018",68.9370451,"Male"
"2019",66.0630278,"Male"
"2020",69.2126358,"Male"
"2021",64.4882238,"Male"
"2022",65.0000351,"Male"
"2023",67.5197215,"Male"
"2024",65.7874371,"Male"
"2025",69.0551554,"Male"
"2026",70.3149986,"Male"
"2027",76.4567342,"Male"
"2028",66.3386185,"Male"
"2029",71.0236604,"Male"
"2030",69.2520059,"Male"
"2031",65.7874371,"Male"
"2032",69.6457069,"Male"
"2033",66.2598783,"Male"
"2034",66.6142092,"Male"
"2035",67.7953122,"Male"
"2036",64.0945228,"Male"
"2037",65.3149959,"Male"
"2038",70.2362584,"Male"
"2039",67.9921627,"Male"
"2040",73.5827169,"Male"
"2041",70.3937388,"Male"
"2042",72.047283,"Male"
"2043",66.9685401,"Male"
"2044",65.748067,"Male"
"2045",68.0709029,"Male"
"2046",67.0079102,"Male"
"2047",69.3701162,"Male"
"2048",67.1653906,"Male"
"2049",67.3622411,"Male"
"2050",70.3149986,"Male"
"2051",71.1024006,"Male"
"2052",69.9606677,"Male"
"2053",68.3858637,"Male"
"2054",71.0236604,"Male"
"2055",73.3858664,"Male"
"2056",66.8504298,"Male"
"2057",67.322871,"Male"
"2058",73.0315355,"Male"
"2059",69.5669667,"Male"
"2060",72.5197242,"Male"
"2061",65.9449175,"Male"
"2062",69.4488564,"Male"
"2063",67.8740524,"Male"
"2064",70.3149986,"Male"
"2065",70.6693295,"Male"
"2066",68.1496431,"Male"
"2067",70.1181481,"Male"
"2068",68.4252338,"Male"
"2069",69.4094863,"Male"
"2070",69.8819275,"Male"
"2071",70.2756285,"Male"
"2072",71.7323222,"Male"
"2073",67.0079102,"Male"
"2074",65.3937361,"Male"
"2075",66.7323195,"Male"
"2076",73.7401973,"Male"
"2077",74.2520086,"Male"
"2078",71.6142119,"Male"
"2079",69.0945255,"Male"
"2080",66.6142092,"Male"
"2081",69.3307461,"Male"
"2082",69.0945255,"Male"
"2083",67.716572,"Male"
"2084",72.5197242,"Male"
"2085",67.9921627,"Male"
"2086",68.8583049,"Male"
"2087",66.6535793,"Male"
"2088",64.8425547,"Male"
"2089",69.8031873,"Male"
"2090",70.7086996,"Male"
"2091",70.6299594,"Male"
"2092",67.9527926,"Male"
"2093",68.3464936,"Male"
"2094",64.9212949,"Male"
"2095",65.9055474,"Male"
"2096",67.0472803,"Male"
"2097",68.3858637,"Male"
"2098",67.3622411,"Male"
"2099",63.5827115,"Male"
"2100",66.6929494,"Male"
"2101",62.0866477,"Male"
"2102",70.5905893,"Male"
"2103",68.7401946,"Male"
"2104",71.1811408,"Male"
"2105",67.4016112,"Male"
"2106",68.503974,"Male"
"2107",72.0079129,"Male"
"2108",65.0394052,"Male"
"2109",69.4094863,"Male"
"2110",74.3307488,"Male"
"2111",67.9134225,"Male"
"2112",69.3701162,"Male"
"2113",70.1575182,"Male"
"2114",70.7874398,"Male"
"2115",70.3937388,"Male"
"2116",70.7086996,"Male"
"2117",69.2126358,"Male"
"2118",71.4173614,"Male"
"2119",66.92917,"Male"
"2120",64.2913733,"Male"
"2121",66.2992484,"Male"
"2122",71.7716923,"Male"
"2123",68.7401946,"Male"
"2124",68.7401946,"Male"
"2125",73.8583076,"Male"
"2126",71.653582,"Male"
"2127",70.7874398,"Male"
"2128",69.3701162,"Male"
"2129",66.7716896,"Male"
"2130",64.6850743,"Male"
"2131",68.3464936,"Male"
"2132",69.0945255,"Male"
"2133",70.5118491,"Male"
"2134",66.92917,"Male"
"2135",67.1260205,"Male"
"2136",68.9764152,"Male"
"2137",65.354366,"Male"
"2138",65.5905866,"Male"
"2139",66.0236577,"Male"
"2140",65.0394052,"Male"
"2141",71.9685428,"Male"
"2142",73.3071262,"Male"
"2143",69.8425574,"Male"
"2144",67.4803514,"Male"
"2145",66.2205082,"Male"
"2146",65.0787753,"Male"
"2147",69.4094863,"Male"
"2148",67.5197215,"Male"
"2149",69.8819275,"Male"
"2150",68.5433441,"Male"
"2151",61.811057,"Male"
"2152",70.2362584,"Male"
"2153",65.0000351,"Male"
"2154",68.0315328,"Male"
"2155",65.2756258,"Male"
"2156",64.4882238,"Male"
"2157",73.5433468,"Male"
"2158",69.7638172,"Male"
"2159",65.354366,"Male"
"2160",64.6850743,"Male"
"2161",69.4882265,"Male"
"2162",68.897675,"Male"
"2163",65.0394052,"Male"
"2164",70.7874398,"Male"
"2165",69.0157853,"Male"
"2166",73.622087,"Male"
"2167",67.5984617,"Male"
"2168",70.0394079,"Male"
"2169",70.2362584,"Male"
"2170",65.8268072,"Male"
"2171",67.5984617,"Male"
"2172",69.6063368,"Male"
"2173",67.0472803,"Male"
"2174",68.6614544,"Male"
"2175",71.9685428,"Male"
"2176",74.2126385,"Male"
"2177",69.0157853,"Male"
"2178",67.1653906,"Male"
"2179",68.5433441,"Male"
"2180",64.2520032,"Male"
"2181",70.5512192,"Male"
"2182",72.3228737,"Male"
"2183",67.0079102,"Male"
"2184",70.1575182,"Male"
"2185",66.2598783,"Male"
"2186",79.2126412,"Male"
"2187",72.9921654,"Male"
"2188",69.291376,"Male"
"2189",70.9449202,"Male"
"2190",68.6614544,"Male"
"2191",73.7008272,"Male"
"2192",66.8110597,"Male"
"2193",73.5039767,"Male"
"2194",67.6378318,"Male"
"2195",73.8976777,"Male"
"2196",67.0866504,"Male"
"2197",71.9685428,"Male"
"2198",68.897675,"Male"
"2199",67.2835009,"Male"
"2200",66.6929494,"Male"
"2201",71.5748418,"Male"
"2202",70.3543687,"Male"
"2203",67.1260205,"Male"
"2204",66.0630278,"Male"
"2205",64.6457042,"Male"
"2206",64.3307434,"Male"
"2207",67.6378318,"Male"
"2208",69.0551554,"Male"
"2209",69.4094863,"Male"
"2210",70.472479,"Male"
"2211",63.8976723,"Male"
"2212",76.1811435,"Male"
"2213",70.7086996,"Male"
"2214",71.1024006,"Male"
"2215",69.4882265,"Male"
"2216",69.4882265,"Male"
"2217",71.0236604,"Male"
"2218",71.8504325,"Male"
"2219",74.015788,"Male"
"2220",65.8661773,"Male"
"2221",68.2677534,"Male"
"2222",67.6378318,"Male"
"2223",65.9449175,"Male"
"2224",70.0000378,"Male"
"2225",71.9685428,"Male"
"2226",69.1338956,"Male"
"2227",66.3386185,"Male"
"2228",68.110273,"Male"
"2229",65.8268072,"Male"
"2230",68.8583049,"Male"
"2231",64.0551527,"Male"
"2232",70.1181481,"Male"
"2233",65.6299567,"Male"
"2234",69.3701162,"Male"
"2235",71.4173614,"Male"
"2236",68.5827142,"Male"
"2237",69.4882265,"Male"
"2238",74.4882292,"Male"
"2239",71.7716923,"Male"
"2240",67.8346823,"Male"
"2241",68.8189348,"Male"
"2242",66.7716896,"Male"
"2243",67.8740524,"Male"
"2244",67.5197215,"Male"
"2245",71.1417707,"Male"
"2246",67.1260205,"Male"
"2247",69.7244471,"Male"
"2248",67.9134225,"Male"
"2249",71.3779913,"Male"
"2250",65.1968856,"Male"
"2251",63.5433414,"Male"
"2252",71.5354717,"Male"
"2253",73.1102757,"Male"
"2254",68.5827142,"Male"
"2255",67.8346823,"Male"
"2256",66.4173587,"Male"
"2257",70.5512192,"Male"
"2258",70.8268099,"Male"
"2259",65.2362557,"Male"
"2260",67.6378318,"Male"
"2261",72.3622438,"Male"
"2262",69.4488564,"Male"
"2263",67.9527926,"Male"
"2264",72.6378345,"Male"
"2265",67.0866504,"Male"
"2266",66.8504298,"Male"
"2267",69.4094863,"Male"
"2268",67.5197215,"Male"
"2269",70.5905893,"Male"
"2270",66.8110597,"Male"
"2271",71.5748418,"Male"
"2272",70.5905893,"Male"
"2273",67.2441308,"Male"
"2274",67.2047607,"Male"
"2275",71.9291727,"Male"
"2276",65.2756258,"Male"
"2277",65.7874371,"Male"
"2278",70.5905893,"Male"
"2279",69.1732657,"Male"
"2280",64.7244444,"Male"
"2281",68.5433441,"Male"
"2282",67.0472803,"Male"
"2283",69.7638172,"Male"
"2284",69.3701162,"Male"
"2285",66.535469,"Male"
"2286",71.4173614,"Male"
"2287",66.4960989,"Male"
"2288",71.4567315,"Male"
"2289",69.3701162,"Male"
"2290",66.3386185,"Male"
"2291",69.0945255,"Male"
"2292",75.590592,"Male"
"2293",72.7559448,"Male"
"2294",70.5905893,"Male"
"2295",67.4016112,"Male"
"2296",69.4882265,"Male"
"2297",70.9449202,"Male"
"2298",68.3858637,"Male"
"2299",68.2283833,"Male"
"2300",70.0000378,"Male"
"2301",68.7795647,"Male"
"2302",69.9606677,"Male"
"2303",68.9370451,"Male"
"2304",62.204758,"Male"
"2305",71.4567315,"Male"
"2306",68.1496431,"Male"
"2307",67.9921627,"Male"
"2308",70.86618,"Male"
"2309",67.7559421,"Male"
"2310",72.2047634,"Male"
"2311",66.8110597,"Male"
"2312",68.110273,"Male"
"2313",67.4016112,"Male"
"2314",68.9764152,"Male"
"2315",68.3071235,"Male"
"2316",69.685077,"Male"
"2317",69.7244471,"Male"
"2318",69.8819275,"Male"
"2319",70.5512192,"Male"
"2320",67.7559421,"Male"
"2321",72.7953149,"Male"
"2322",67.0079102,"Male"
"2323",71.2992511,"Male"
"2324",72.5984644,"Male"
"2325",65.6299567,"Male"
"2326",67.5984617,"Male"
"2327",68.897675,"Male"
"2328",70.6693295,"Male"
"2329",70.6299594,"Male"
"2330",66.7716896,"Male"
"2331",70.3937388,"Male"
"2332",66.92917,"Male"
"2333",67.6772019,"Male"
"2334",72.2047634,"Male"
"2335",70.472479,"Male"
"2336",69.9606677,"Male"
"2337",67.6772019,"Male"
"2338",65.1575155,"Male"
"2339",67.9134225,"Male"
"2340",69.7244471,"Male"
"2341",63.7401919,"Male"
"2342",69.9606677,"Male"
"2343",70.1575182,"Male"
"2344",70.7480697,"Male"
"2345",69.6063368,"Male"
"2346",72.440984,"Male"
"2347",63.8583022,"Male"
"2348",71.259881,"Male"
"2349",65.4331062,"Male"
"2350",67.8740524,"Male"
"2351",68.4252338,"Male"
"2352",64.4882238,"Male"
"2353",70.7480697,"Male"
"2354",69.5669667,"Male"
"2355",70.5512192,"Male"
"2356",66.7323195,"Male"
"2357",70.2756285,"Male"
"2358",66.7716896,"Male"
"2359",68.2283833,"Male"
"2360",70.9842903,"Male"
"2361",71.3386212,"Male"
"2362",71.8504325,"Male"
"2363",73.8189375,"Male"
"2364",73.3071262,"Male"
"2365",62.0079075,"Male"
"2366",68.1496431,"Male"
"2367",66.6142092,"Male"
"2368",72.7165747,"Male"
"2369",65.0787753,"Male"
"2370",70.0000378,"Male"
"2371",71.5354717,"Male"
"2372",65.4724763,"Male"
"2373",71.2992511,"Male"
"2374",71.8110624,"Male"
"2375",68.2677534,"Male"
"2376",66.92917,"Male"
"2377",70.86618,"Male"
"2378",68.9764152,"Male"
"2379",73.1102757,"Male"
"2380",72.2441335,"Male"
"2381",65.6299567,"Male"
"2382",62.6378291,"Male"
"2383",65.1968856,"Male"
"2384",69.9606677,"Male"
"2385",69.5669667,"Male"
"2386",72.6378345,"Male"
"2387",66.2598783,"Male"
"2388",71.5748418,"Male"
"2389",67.716572,"Male"
"2390",68.503974,"Male"
"2391",69.2126358,"Male"
"2392",67.2047607,"Male"
"2393",67.1653906,"Male"
"2394",68.7008245,"Male"
"2395",68.2283833,"Male"
"2396",68.503974,"Male"
"2397",69.6063368,"Male"
"2398",70.86618,"Male"
"2399",69.1338956,"Male"
"2400",69.2126358,"Male"
"2401",71.5748418,"Male"
"2402",70.7480697,"Male"
"2403",74.4488591,"Male"
"2404",73.1496458,"Male"
"2405",73.7401973,"Male"
"2406",65.8268072,"Male"
"2407",65.3149959,"Male"
"2408",67.3622411,"Male"
"2409",68.3071235,"Male"
"2410",71.1417707,"Male"
"2411",66.92917,"Male"
"2412",67.0079102,"Male"
"2413",71.259881,"Male"
"2414",71.1417707,"Male"
"2415",67.322871,"Male"
"2416",71.0236604,"Male"
"2417",68.4252338,"Male"
"2418",71.4173614,"Male"
"2419",70.6693295,"Male"
"2420",65.0394052,"Male"
"2421",67.7559421,"Male"
"2422",65.9055474,"Male"
"2423",72.5590943,"Male"
"2424",70.9055501,"Male"
"2425",70.078778,"Male"
"2426",65.4331062,"Male"
"2427",67.4016112,"Male"
"2428",70.0000378,"Male"
"2429",69.7244471,"Male"
"2430",63.3071208,"Male"
"2431",66.2205082,"Male"
"2432",70.0000378,"Male"
"2433",73.1102757,"Male"
"2434",68.6614544,"Male"
"2435",72.1260232,"Male"
"2436",63.8583022,"Male"
"2437",68.5827142,"Male"
"2438",69.9606677,"Male"
"2439",71.7323222,"Male"
"2440",68.8189348,"Male"
"2441",72.2835036,"Male"
"2442",68.8189348,"Male"
"2443",67.4016112,"Male"
"2444",71.653582,"Male"
"2445",71.7716923,"Male"
"2446",66.535469,"Male"
"2447",61.8897972,"Male"
"2448",73.8189375,"Male"
"2449",71.2992511,"Male"
"2450",62.9527899,"Male"
"2451",69.9606677,"Male"
"2452",68.110273,"Male"
"2453",70.0000378,"Male"
"2454",66.6142092,"Male"
"2455",72.834685,"Male"
"2456",68.9370451,"Male"
"2457",69.4488564,"Male"
"2458",71.3779913,"Male"
"2459",69.7638172,"Male"
"2460",70.9449202,"Male"
"2461",67.7953122,"Male"
"2462",72.0079129,"Male"
"2463",74.409489,"Male"
"2464",71.1417707,"Male"
"2465",64.566964,"Male"
"2466",68.9764152,"Male"
"2467",65.9449175,"Male"
"2468",70.1575182,"Male"
"2469",74.0551581,"Male"
"2470",72.0866531,"Male"
"2471",71.1024006,"Male"
"2472",72.7953149,"Male"
"2473",68.0315328,"Male"
"2474",68.5433441,"Male"
"2475",66.4173587,"Male"
"2476",70.0000378,"Male"
"2477",65.0000351,"Male"
"2478",71.9291727,"Male"
"2479",71.1024006,"Male"
"2480",70.3937388,"Male"
"2481",68.2283833,"Male"
"2482",74.2520086,"Male"
"2483",71.1417707,"Male"
"2484",71.8898026,"Male"
"2485",68.503974,"Male"
"2486",75.2362611,"Male"
"2487",69.685077,"Male"
"2488",70.2756285,"Male"
"2489",67.4409813,"Male"
"2490",70.1575182,"Male"
"2491",66.3386185,"Male"
"2492",73.7401973,"Male"
"2493",69.4094863,"Male"
"2494",70.0000378,"Male"
"2495",71.9291727,"Male"
"2496",70.7480697,"Male"
"2497",71.6929521,"Male"
"2498",68.7401946,"Male"
"2499",71.6142119,"Male"
"2500",69.5275966,"Male"
"2501",69.4882265,"Male"
"2502",66.7716896,"Male"
"2503",68.9764152,"Male"
"2504",66.4960989,"Male"
"2505",68.2283833,"Male"
"2506",67.9527926,"Male"
"2507",70.9449202,"Male"
"2508",67.5197215,"Male"
"2509",69.5669667,"Male"
"2510",69.685077,"Male"
"2511",68.110273,"Male"
"2512",65.1575155,"Male"
"2513",66.8897999,"Male"
"2514",69.7244471,"Male"
"2515",65.354366,"Male"
"2516",74.9213003,"Male"
"2517",68.9764152,"Male"
"2518",67.4803514,"Male"
"2519",71.8110624,"Male"
"2520",70.3543687,"Male"
"2521",71.2205109,"Male"
"2522",66.5748391,"Male"
"2523",70.9449202,"Male"
"2524",68.503974,"Male"
"2525",66.6142092,"Male"
"2526",68.1890132,"Male"
"2527",69.2520059,"Male"
"2528",74.2520086,"Male"
"2529",71.9685428,"Male"
"2530",65.5118464,"Male"
"2531",68.897675,"Male"
"2532",73.1102757,"Male"
"2533",69.8819275,"Male"
"2534",70.1968883,"Male"
"2535",75.1181508,"Male"
"2536",68.8189348,"Male"
"2537",66.2205082,"Male"
"2538",74.4488591,"Male"
"2539",68.0315328,"Male"
"2540",67.716572,"Male"
"2541",71.0236604,"Male"
"2542",69.291376,"Male"
"2543",66.92917,"Male"
"2544",66.1023979,"Male"
"2545",67.2047607,"Male"
"2546",66.8504298,"Male"
"2547",64.6850743,"Male"
"2548",62.8740497,"Male"
"2549",66.6535793,"Male"
"2550",70.9055501,"Male"
"2551",69.291376,"Male"
"2552",68.5433441,"Male"
"2553",67.0079102,"Male"
"2554",68.0315328,"Male"
"2555",76.9685455,"Male"
"2556",65.6299567,"Male"
"2557",69.4488564,"Male"
"2558",68.6614544,"Male"
"2559",73.8976777,"Male"
"2560",73.9370478,"Male"
"2561",70.5512192,"Male"
"2562",74.6063395,"Male"
"2563",64.0945228,"Male"
"2564",67.5984617,"Male"
"2565",65.8661773,"Male"
"2566",68.1890132,"Male"
"2567",66.6535793,"Male"
"2568",70.1968883,"Male"
"2569",70.9449202,"Male"
"2570",70.9055501,"Male"
"2571",68.7795647,"Male"
"2572",69.8819275,"Male"
"2573",69.0157853,"Male"
"2574",69.291376,"Male"
"2575",70.3937388,"Male"
"2576",72.3228737,"Male"
"2577",68.3071235,"Male"
"2578",69.1338956,"Male"
"2579",74.1338983,"Male"
"2580",67.7953122,"Male"
"2581",67.9134225,"Male"
"2582",69.3701162,"Male"
"2583",66.6929494,"Male"
"2584",72.2047634,"Male"
"2585",68.3858637,"Male"
"2586",66.8110597,"Male"
"2587",69.6063368,"Male"
"2588",75.2756312,"Male"
"2589",69.4882265,"Male"
"2590",67.8740524,"Male"
"2591",70.8268099,"Male"
"2592",70.3149986,"Male"
"2593",65.1575155,"Male"
"2594",69.8425574,"Male"
"2595",69.685077,"Male"
"2596",71.4567315,"Male"
"2597",72.1260232,"Male"
"2598",69.5669667,"Male"
"2599",70.472479,"Male"
"2600",67.1653906,"Male"
"2601",65.7874371,"Male"
"2602",67.6378318,"Male"
"2603",70.1181481,"Male"
"2604",63.779562,"Male"
"2605",68.0315328,"Male"
"2606",69.9212976,"Male"
"2607",67.9921627,"Male"
"2608",67.716572,"Male"
"2609",62.5197188,"Male"
"2610",67.9134225,"Male"
"2611",66.3386185,"Male"
"2612",70.7086996,"Male"
"2613",71.4567315,"Male"
"2614",71.0630305,"Male"
"2615",73.8189375,"Male"
"2616",72.3228737,"Male"
"2617",72.4016139,"Male"
"2618",66.0236577,"Male"
"2619",65.6693268,"Male"
"2620",67.1260205,"Male"
"2621",68.1890132,"Male"
"2622",68.3858637,"Male"
"2623",66.8897999,"Male"
"2624",72.2835036,"Male"
"2625",70.1575182,"Male"
"2626",70.9449202,"Male"
"2627",69.6457069,"Male"
"2628",66.2205082,"Male"
"2629",71.3779913,"Male"
"2630",67.5590916,"Male"
"2631",65.8661773,"Male"
"2632",71.1811408,"Male"
"2633",69.4488564,"Male"
"2634",66.8897999,"Male"
"2635",68.6220843,"Male"
"2636",66.3386185,"Male"
"2637",67.1653906,"Male"
"2638",72.3622438,"Male"
"2639",70.3149986,"Male"
"2640",68.4252338,"Male"
"2641",67.2441308,"Male"
"2642",67.8740524,"Male"
"2643",66.92917,"Male"
"2644",68.9370451,"Male"
"2645",71.8504325,"Male"
"2646",66.5748391,"Male"
"2647",67.2047607,"Male"
"2648",68.0315328,"Male"
"2649",74.9606704,"Male"
"2650",67.9921627,"Male"
"2651",73.0709056,"Male"
"2652",68.1496431,"Male"
"2653",65.0787753,"Male"
"2654",66.8897999,"Male"
"2655",76.377994,"Male"
"2656",66.4173587,"Male"
"2657",67.9134225,"Male"
"2658",69.2520059,"Male"
"2659",70.5512192,"Male"
"2660",66.92917,"Male"
"2661",68.6220843,"Male"
"2662",67.5197215,"Male"
"2663",73.8189375,"Male"
"2664",64.960665,"Male"
"2665",68.7795647,"Male"
"2666",68.8189348,"Male"
"2667",70.9842903,"Male"
"2668",69.8819275,"Male"
"2669",72.440984,"Male"
"2670",69.4094863,"Male"
"2671",68.3464936,"Male"
"2672",68.1890132,"Male"
"2673",68.1890132,"Male"
"2674",67.4803514,"Male"
"2675",69.4094863,"Male"
"2676",64.960665,"Male"
"2677",65.1181454,"Male"
"2678",67.9527926,"Male"
"2679",72.5590943,"Male"
"2680",73.1496458,"Male"
"2681",67.1260205,"Male"
"2682",69.291376,"Male"
"2683",70.1575182,"Male"
"2684",67.9921627,"Male"
"2685",67.4409813,"Male"
"2686",67.4803514,"Male"
"2687",65.6693268,"Male"
"2688",71.4173614,"Male"
"2689",63.4646012,"Male"
"2690",70.5905893,"Male"
"2691",69.3701162,"Male"
"2692",73.228386,"Male"
"2693",68.5433441,"Male"
"2694",65.8268072,"Male"
"2695",70.86618,"Male"
"2696",67.0472803,"Male"
"2697",69.8031873,"Male"
"2698",69.7638172,"Male"
"2699",72.2441335,"Male"
"2700",66.4173587,"Male"
"2701",69.4882265,"Male"
"2702",66.2992484,"Male"
"2703",68.5827142,"Male"
"2704",62.3622384,"Male"
"2705",71.0630305,"Male"
"2706",67.9921627,"Male"
"2707",68.6220843,"Male"
"2708",68.6220843,"Male"
"2709",67.9527926,"Male"
"2710",67.2441308,"Male"
"2711",70.1968883,"Male"
"2712",70.6693295,"Male"
"2713",71.9291727,"Male"
"2714",67.9134225,"Male"
"2715",71.0630305,"Male"
"2716",70.1181481,"Male"
"2717",64.6063341,"Male"
"2718",70.9842903,"Male"
"2719",69.0551554,"Male"
"2720",67.2441308,"Male"
"2721",75.9055528,"Male"
"2722",67.8740524,"Male"
"2723",71.2992511,"Male"
"2724",68.7008245,"Male"
"2725",68.1890132,"Male"
"2726",69.0157853,"Male"
"2727",70.6693295,"Male"
"2728",69.7244471,"Male"
"2729",67.5984617,"Male"
"2730",64.5275939,"Male"
"2731",66.3779886,"Male"
"2732",69.685077,"Male"
"2733",71.3779913,"Male"
"2734",71.5748418,"Male"
"2735",76.1417734,"Male"
"2736",70.1575182,"Male"
"2737",66.8504298,"Male"
"2738",71.3386212,"Male"
"2739",63.9764125,"Male"
"2740",68.7008245,"Male"
"2741",70.4331089,"Male"
"2742",67.5197215,"Male"
"2743",66.3779886,"Male"
"2744",64.566964,"Male"
"2745",66.3386185,"Male"
"2746",68.0709029,"Male"
"2747",63.5827115,"Male"
"2748",67.6378318,"Male"
"2749",69.9212976,"Male"
"2750",71.6929521,"Male"
"2751",68.503974,"Male"
"2752",69.9606677,"Male"
"2753",70.0000378,"Male"
"2754",66.8504298,"Male"
"2755",72.0866531,"Male"
"2756",71.8898026,"Male"
"2757",64.0945228,"Male"
"2758",67.4016112,"Male"
"2759",70.6299594,"Male"
"2760",67.7559421,"Male"
"2761",70.7480697,"Male"
"2762",68.8189348,"Male"
"2763",70.2756285,"Male"
"2764",66.3779886,"Male"
"2765",71.1417707,"Male"
"2766",65.6693268,"Male"
"2767",72.0079129,"Male"
"2768",72.0079129,"Male"
"2769",63.9764125,"Male"
"2770",67.0866504,"Male"
"2771",68.503974,"Male"
"2772",68.1496431,"Male"
"2773",69.3307461,"Male"
"2774",69.3701162,"Male"
"2775",67.4409813,"Male"
"2776",72.6378345,"Male"
"2777",70.5905893,"Male"
"2778",66.7323195,"Male"
"2779",68.2283833,"Male"
"2780",70.9449202,"Male"
"2781",67.9921627,"Male"
"2782",69.9606677,"Male"
"2783",65.6299567,"Male"
"2784",72.3622438,"Male"
"2785",66.2205082,"Male"
"2786",72.5984644,"Male"
"2787",68.8189348,"Male"
"2788",68.1890132,"Male"
"2789",68.2283833,"Male"
"2790",65.5512165,"Male"
"2791",72.5590943,"Male"
"2792",69.3701162,"Male"
"2793",70.86618,"Male"
"2794",67.9134225,"Male"
"2795",71.1417707,"Male"
"2796",74.015788,"Male"
"2797",72.9527953,"Male"
"2798",66.535469,"Male"
"2799",71.7716923,"Male"
"2800",64.0945228,"Male"
"2801",69.0945255,"Male"
"2802",73.0709056,"Male"
"2803",71.4173614,"Male"
"2804",69.5669667,"Male"
"2805",70.7086996,"Male"
"2806",72.6772046,"Male"
"2807",72.047283,"Male"
"2808",68.0315328,"Male"
"2809",65.6693268,"Male"
"2810",67.1260205,"Male"
"2811",73.622087,"Male"
"2812",63.7401919,"Male"
"2813",69.3701162,"Male"
"2814",67.3622411,"Male"
"2815",70.1968883,"Male"
"2816",70.1968883,"Male"
"2817",68.5827142,"Male"
"2818",69.2126358,"Male"
"2819",70.1968883,"Male"
"2820",69.3307461,"Male"
"2821",70.9055501,"Male"
"2822",72.0866531,"Male"
"2823",67.2047607,"Male"
"2824",71.2992511,"Male"
"2825",65.3937361,"Male"
"2826",67.9921627,"Male"
"2827",67.4016112,"Male"
"2828",72.834685,"Male"
"2829",68.7008245,"Male"
"2830",69.9212976,"Male"
"2831",72.9527953,"Male"
"2832",69.7638172,"Male"
"2833",67.1260205,"Male"
"2834",71.6929521,"Male"
"2835",67.1653906,"Male"
"2836",69.6457069,"Male"
"2837",73.1496458,"Male"
"2838",67.5590916,"Male"
"2839",65.8661773,"Male"
"2840",68.7795647,"Male"
"2841",68.5827142,"Male"
"2842",71.2992511,"Male"
"2843",71.1417707,"Male"
"2844",61.417356,"Male"
"2845",70.7480697,"Male"
"2846",67.716572,"Male"
"2847",71.0630305,"Male"
"2848",65.9842876,"Male"
"2849",69.3307461,"Male"
"2850",68.9764152,"Male"
"2851",70.2756285,"Male"
"2852",71.6929521,"Male"
"2853",66.3386185,"Male"
"2854",67.322871,"Male"
"2855",70.7480697,"Male"
"2856",70.3937388,"Male"
"2857",67.8346823,"Male"
"2858",70.9449202,"Male"
"2859",64.6457042,"Male"
"2860",69.8819275,"Male"
"2861",69.8819275,"Male"
"2862",70.5512192,"Male"
"2863",69.3701162,"Male"
"2864",70.4331089,"Male"
"2865",69.2520059,"Male"
"2866",67.9527926,"Male"
"2867",67.0079102,"Male"
"2868",66.92917,"Male"
"2869",70.6693295,"Male"
"2870",72.440984,"Male"
"2871",72.0866531,"Male"
"2872",66.8504298,"Male"
"2873",67.2441308,"Male"
"2874",67.0472803,"Male"
"2875",71.259881,"Male"
"2876",70.5512192,"Male"
"2877",67.322871,"Male"
"2878",66.4567288,"Male"
"2879",67.4016112,"Male"
"2880",69.3701162,"Male"
"2881",70.5905893,"Male"
"2882",68.7401946,"Male"
"2883",72.6772046,"Male"
"2884",68.7795647,"Male"
"2885",69.0945255,"Male"
"2886",65.9842876,"Male"
"2887",72.047283,"Male"
"2888",66.2598783,"Male"
"2889",67.9134225,"Male"
"2890",71.8898026,"Male"
"2891",68.6614544,"Male"
"2892",68.6220843,"Male"
"2893",69.0945255,"Male"
"2894",67.7953122,"Male"
"2895",67.8346823,"Male"
"2896",66.535469,"Male"
"2897",67.9921627,"Male"
"2898",66.9685401,"Male"
"2899",69.1732657,"Male"
"2900",67.0472803,"Male"
"2901",73.1102757,"Male"
"2902",68.3858637,"Male"
"2903",64.8425547,"Male"
"2904",72.2835036,"Male"
"2905",71.0630305,"Male"
"2906",67.9527926,"Male"
"2907",69.4882265,"Male"
"2908",67.9134225,"Male"
"2909",67.4409813,"Male"
"2910",68.9370451,"Male"
"2911",67.8346823,"Male"
"2912",65.7874371,"Male"
"2913",72.5590943,"Male"
"2914",71.3386212,"Male"
"2915",68.7008245,"Male"
"2916",67.2047607,"Male"
"2917",68.3464936,"Male"
"2918",72.2441335,"Male"
"2919",71.8504325,"Male"
"2920",69.685077,"Male"
"2921",67.9921627,"Male"
"2922",70.0000378,"Male"
"2923",67.3622411,"Male"
"2924",74.8819302,"Male"
"2925",68.0315328,"Male"
"2926",73.3071262,"Male"
"2927",69.3701162,"Male"
"2928",71.3386212,"Male"
"2929",69.8031873,"Male"
"2930",69.5275966,"Male"
"2931",67.5197215,"Male"
"2932",65.4724763,"Male"
"2933",69.0551554,"Male"
"2934",70.7480697,"Male"
"2935",68.8583049,"Male"
"2936",72.6772046,"Male"
"2937",70.2756285,"Male"
"2938",67.2047607,"Male"
"2939",69.0945255,"Male"
"2940",71.1024006,"Male"
"2941",64.0945228,"Male"
"2942",69.5669667,"Male"
"2943",71.2992511,"Male"
"2944",66.2598783,"Male"
"2945",67.0472803,"Male"
"2946",66.6929494,"Male"
"2947",73.7008272,"Male"
"2948",64.0551527,"Male"
"2949",69.8031873,"Male"
"2950",67.4016112,"Male"
"2951",70.5512192,"Male"
"2952",69.1338956,"Male"
"2953",70.3937388,"Male"
"2954",65.5118464,"Male"
"2955",69.291376,"Male"
"2956",68.0315328,"Male"
"2957",70.2362584,"Male"
"2958",70.5118491,"Male"
"2959",69.2520059,"Male"
"2960",63.5039713,"Male"
"2961",68.2283833,"Male"
"2962",67.8346823,"Male"
"2963",66.8897999,"Male"
"2964",64.4094836,"Male"
"2965",67.7559421,"Male"
"2966",73.7401973,"Male"
"2967",67.8740524,"Male"
"2968",66.1023979,"Male"
"2969",72.9527953,"Male"
"2970",71.6929521,"Male"
"2971",67.2835009,"Male"
"2972",72.1260232,"Male"
"2973",72.7165747,"Male"
"2974",72.2047634,"Male"
"2975",68.1890132,"Male"
"2976",70.6693295,"Male"
"2977",65.8661773,"Male"
"2978",65.9055474,"Male"
"2979",70.9449202,"Male"
"2980",67.7559421,"Male"
"2981",72.5984644,"Male"
"2982",68.0315328,"Male"
"2983",66.6929494,"Male"
"2984",67.2441308,"Male"
"2985",69.291376,"Male"
"2986",69.8425574,"Male"
"2987",72.5984644,"Male"
"2988",68.5827142,"Male"
"2989",69.8425574,"Male"
"2990",68.6220843,"Male"
"2991",70.7874398,"Male"
"2992",72.1260232,"Male"
"2993",70.7480697,"Male"
"2994",70.5512192,"Male"
"2995",67.4409813,"Male"
"2996",67.5197215,"Male"
"2997",62.1653879,"Male"
"2998",68.6614544,"Male"
"2999",69.1732657,"Male"
"3000",66.2992484,"Male"
"3001",67.4803514,"Male"
"3002",71.5354717,"Male"
"3003",66.0630278,"Male"
"3004",70.7874398,"Male"
"3005",67.0079102,"Male"
"3006",70.5905893,"Male"
"3007",66.6929494,"Male"
"3008",66.8504298,"Male"
"3009",72.9921654,"Male"
"3010",70.7086996,"Male"
"3011",73.1496458,"Male"
"3012",72.5197242,"Male"
"3013",68.1890132,"Male"
"3014",67.7953122,"Male"
"3015",65.9449175,"Male"
"3016",71.2205109,"Male"
"3017",72.8740551,"Male"
"3018",69.2126358,"Male"
"3019",66.6929494,"Male"
"3020",68.110273,"Male"
"3021",68.503974,"Male"
"3022",73.5039767,"Male"
"3023",63.5039713,"Male"
"3024",68.2677534,"Male"
"3025",69.4094863,"Male"
"3026",69.6063368,"Male"
"3027",70.472479,"Male"
"3028",70.0000378,"Male"
"3029",71.0630305,"Male"
"3030",68.2677534,"Male"
"3031",73.5433468,"Male"
"3032",68.7401946,"Male"
"3033",58.9370397,"Male"
"3034",68.8189348,"Male"
"3035",73.5039767,"Male"
"3036",65.748067,"Male"
"3037",71.9685428,"Male"
"3038",69.2126358,"Male"
"3039",65.8661773,"Male"
"3040",72.047283,"Male"
"3041",73.1890159,"Male"
"3042",68.4252338,"Male"
"3043",65.2756258,"Male"
"3044",64.4882238,"Male"
"3045",69.6457069,"Male"
"3046",70.7086996,"Male"
"3047",65.2756258,"Male"
"3048",65.748067,"Male"
"3049",73.3464963,"Male"
"3050",65.7086969,"Male"
"3051",65.5512165,"Male"
"3052",66.9685401,"Male"
"3053",67.8346823,"Male"
"3054",68.6614544,"Male"
"3055",68.1890132,"Male"
"3056",70.5512192,"Male"
"3057",67.1260205,"Male"
"3058",69.8819275,"Male"
"3059",65.9842876,"Male"
"3060",69.4882265,"Male"
"3061",68.1890132,"Male"
"3062",80.3937442,"Male"
"3063",67.6772019,"Male"
"3064",69.0945255,"Male"
"3065",74.015788,"Male"
"3066",74.015788,"Male"
"3067",65.0394052,"Male"
"3068",69.5669667,"Male"
"3069",72.0866531,"Male"
"3070",72.1260232,"Male"
"3071",72.5590943,"Male"
"3072",72.834685,"Male"
"3073",66.6535793,"Male"
"3074",73.0709056,"Male"
"3075",71.1417707,"Male"
"3076",70.7086996,"Male"
"3077",71.5354717,"Male"
"3078",67.1260205,"Male"
"3079",69.1732657,"Male"
"3080",68.3858637,"Male"
"3081",71.3386212,"Male"
"3082",66.9685401,"Male"
"3083",67.2441308,"Male"
"3084",70.078778,"Male"
"3085",69.1732657,"Male"
"3086",70.2756285,"Male"
"3087",69.3701162,"Male"
"3088",65.6693268,"Male"
"3089",74.5275993,"Male"
"3090",65.748067,"Male"
"3091",71.8898026,"Male"
"3092",72.7559448,"Male"
"3093",67.0079102,"Male"
"3094",72.4803541,"Male"
"3095",65.9055474,"Male"
"3096",67.9134225,"Male"
"3097",68.110273,"Male"
"3098",66.9685401,"Male"
"3099",67.8740524,"Male"
"3100",70.3149986,"Male"
"3101",69.8425574,"Male"
"3102",68.7401946,"Male"
"3103",67.0079102,"Male"
"3104",72.6378345,"Male"
"3105",69.8425574,"Male"
"3106",69.9606677,"Male"
"3107",67.6772019,"Male"
"3108",69.1338956,"Male"
"3109",66.6142092,"Male"
"3110",70.2362584,"Male"
"3111",74.8819302,"Male"
"3112",71.0236604,"Male"
"3113",69.0945255,"Male"
"3114",68.3464936,"Male"
"3115",66.535469,"Male"
"3116",68.3071235,"Male"
"3117",68.7008245,"Male"
"3118",66.92917,"Male"
"3119",70.3149986,"Male"
"3120",72.2047634,"Male"
"3121",69.0551554,"Male"
"3122",72.1260232,"Male"
"3123",64.0945228,"Male"
"3124",66.141768,"Male"
"3125",68.0315328,"Male"
"3126",69.6063368,"Male"
"3127",72.440984,"Male"
"3128",68.5433441,"Male"
"3129",72.5590943,"Male"
"3130",65.2362557,"Male"
"3131",73.3071262,"Male"
"3132",70.3543687,"Male"
"3133",72.2441335,"Male"
"3134",69.9212976,"Male"
"3135",71.8898026,"Male"
"3136",63.779562,"Male"
"3137",72.7165747,"Male"
"3138",70.7086996,"Male"
"3139",71.5748418,"Male"
"3140",70.1968883,"Male"
"3141",67.2047607,"Male"
"3142",70.5118491,"Male"
"3143",63.5827115,"Male"
"3144",68.3071235,"Male"
"3145",69.4094863,"Male"
"3146",66.2598783,"Male"
"3147",67.8740524,"Male"
"3148",70.2756285,"Male"
"3149",66.6535793,"Male"
"3150",66.6929494,"Male"
"3151",67.6378318,"Male"
"3152",68.2283833,"Male"
"3153",63.5039713,"Male"
"3154",69.9212976,"Male"
"3155",66.92917,"Male"
"3156",67.1260205,"Male"
"3157",69.1338956,"Male"
"3158",72.834685,"Male"
"3159",70.2756285,"Male"
"3160",66.4567288,"Male"
"3161",65.3937361,"Male"
"3162",72.047283,"Male"
"3163",75.196891,"Male"
"3164",69.3701162,"Male"
"3165",72.2047634,"Male"
"3166",69.5669667,"Male"
"3167",67.1653906,"Male"
"3168",69.8819275,"Male"
"3169",66.6535793,"Male"
"3170",65.8661773,"Male"
"3171",67.5197215,"Male"
"3172",68.7795647,"Male"
"3173",70.3543687,"Male"
"3174",68.6220843,"Male"
"3175",66.6535793,"Male"
"3176",69.3701162,"Male"
"3177",67.2835009,"Male"
"3178",71.259881,"Male"
"3179",66.6929494,"Male"
"3180",69.8425574,"Male"
"3181",70.3937388,"Male"
"3182",72.7165747,"Male"
"3183",69.2520059,"Male"
"3184",67.9134225,"Male"
"3185",70.6693295,"Male"
"3186",70.1181481,"Male"
"3187",67.1260205,"Male"
"3188",69.6063368,"Male"
"3189",65.5118464,"Male"
"3190",68.6614544,"Male"
"3191",73.1496458,"Male"
"3192",73.622087,"Male"
"3193",69.8819275,"Male"
"3194",69.4094863,"Male"
"3195",69.7638172,"Male"
"3196",73.5433468,"Male"
"3197",71.8504325,"Male"
"3198",68.5827142,"Male"
"3199",72.2441335,"Male"
"3200",68.0315328,"Male"
"3201",62.99216,"Male"
"3202",69.3701162,"Male"
"3203",72.6378345,"Male"
"3204",71.7323222,"Male"
"3205",69.6457069,"Male"
"3206",69.685077,"Male"
"3207",69.4882265,"Male"
"3208",69.2520059,"Male"
"3209",64.8031846,"Male"
"3210",67.8346823,"Male"
"3211",68.6220843,"Male"
"3212",68.3858637,"Male"
"3213",71.2992511,"Male"
"3214",67.8346823,"Male"
"3215",67.3622411,"Male"
"3216",68.7008245,"Male"
"3217",63.5827115,"Male"
"3218",69.8819275,"Male"
"3219",66.4173587,"Male"
"3220",70.3149986,"Male"
"3221",64.8425547,"Male"
"3222",69.4882265,"Male"
"3223",70.6693295,"Male"
"3224",65.7874371,"Male"
"3225",71.8504325,"Male"
"3226",73.9764179,"Male"
"3227",66.7323195,"Male"
"3228",69.6063368,"Male"
"3229",68.2677534,"Male"
"3230",64.9212949,"Male"
"3231",72.7559448,"Male"
"3232",72.3228737,"Male"
"3233",70.5512192,"Male"
"3234",68.6614544,"Male"
"3235",65.0394052,"Male"
"3236",62.8346796,"Male"
"3237",72.5984644,"Male"
"3238",71.6929521,"Male"
"3239",65.1968856,"Male"
"3240",67.7953122,"Male"
"3241",71.0236604,"Male"
"3242",66.2205082,"Male"
"3243",71.653582,"Male"
"3244",67.7559421,"Male"
"3245",68.897675,"Male"
"3246",66.6929494,"Male"
"3247",67.4016112,"Male"
"3248",70.9055501,"Male"
"3249",67.4409813,"Male"
"3250",68.3071235,"Male"
"3251",67.0079102,"Male"
"3252",67.716572,"Male"
"3253",68.2283833,"Male"
"3254",72.3622438,"Male"
"3255",69.4882265,"Male"
"3256",72.3228737,"Male"
"3257",67.0866504,"Male"
"3258",66.92917,"Male"
"3259",67.7953122,"Male"
"3260",67.4016112,"Male"
"3261",70.6693295,"Male"
"3262",67.7953122,"Male"
"3263",68.5827142,"Male"
"3264",71.1024006,"Male"
"3265",69.0157853,"Male"
"3266",69.0551554,"Male"
"3267",72.7165747,"Male"
"3268",76.377994,"Male"
"3269",71.0236604,"Male"
"3270",69.8031873,"Male"
"3271",67.6378318,"Male"
"3272",66.6929494,"Male"
"3273",71.1417707,"Male"
"3274",67.322871,"Male"
"3275",71.0630305,"Male"
"3276",67.9527926,"Male"
"3277",72.4803541,"Male"
"3278",70.1575182,"Male"
"3279",73.0315355,"Male"
"3280",67.5984617,"Male"
"3281",73.6614571,"Male"
"3282",68.7795647,"Male"
"3283",69.1338956,"Male"
"3284",68.4252338,"Male"
"3285",72.6378345,"Male"
"3286",67.6378318,"Male"
"3287",69.5275966,"Male"
"3288",73.7008272,"Male"
"3289",68.6220843,"Male"
"3290",67.9527926,"Male"
"3291",70.2756285,"Male"
"3292",72.5197242,"Male"
"3293",69.8425574,"Male"
"3294",73.0315355,"Male"
"3295",69.0157853,"Male"
"3296",70.86618,"Male"
"3297",71.653582,"Male"
"3298",68.9764152,"Male"
"3299",69.6063368,"Male"
"3300",68.2677534,"Male"
"3301",72.2835036,"Male"
"3302",64.6850743,"Male"
"3303",67.0472803,"Male"
"3304",70.5512192,"Male"
"3305",72.2441335,"Male"
"3306",65.5118464,"Male"
"3307",66.7323195,"Male"
"3308",66.3386185,"Male"
"3309",71.653582,"Male"
"3310",68.6220843,"Male"
"3311",67.0472803,"Male"
"3312",66.6929494,"Male"
"3313",71.1811408,"Male"
"3314",65.1181454,"Male"
"3315",75.3937415,"Male"
"3316",64.7638145,"Male"
"3317",69.291376,"Male"
"3318",69.0551554,"Male"
"3319",67.5984617,"Male"
"3320",65.2756258,"Male"
"3321",73.3071262,"Male"
"3322",70.5118491,"Male"
"3323",68.4252338,"Male"
"3324",65.4331062,"Male"
"3325",71.3779913,"Male"
"3326",70.3149986,"Male"
"3327",64.6063341,"Male"
"3328",66.3386185,"Male"
"3329",68.4646039,"Male"
"3330",67.1260205,"Male"
"3331",72.3228737,"Male"
"3332",66.8504298,"Male"
"3333",67.9134225,"Male"
"3334",74.6850797,"Male"
"3335",70.7086996,"Male"
"3336",71.0630305,"Male"
"3337",68.0315328,"Male"
"3338",65.748067,"Male"
"3339",70.8268099,"Male"
"3340",69.7244471,"Male"
"3341",67.5197215,"Male"
"3342",68.8189348,"Male"
"3343",71.2992511,"Male"
"3344",71.9685428,"Male"
"3345",70.7874398,"Male"
"3346",69.2126358,"Male"
"3347",73.4252365,"Male"
"3348",69.5669667,"Male"
"3349",68.7008245,"Male"
"3350",66.7323195,"Male"
"3351",71.7716923,"Male"
"3352",72.047283,"Male"
"3353",73.1890159,"Male"
"3354",66.0630278,"Male"
"3355",67.0472803,"Male"
"3356",74.2520086,"Male"
"3357",67.3622411,"Male"
"3358",67.1260205,"Male"
"3359",72.834685,"Male"
"3360",66.0630278,"Male"
"3361",69.0157853,"Male"
"3362",68.7401946,"Male"
"3363",68.9370451,"Male"
"3364",70.2362584,"Male"
"3365",72.2835036,"Male"
"3366",72.2047634,"Male"
"3367",68.5433441,"Male"
"3368",71.1024006,"Male"
"3369",71.4961016,"Male"
"3370",74.80319,"Male"
"3371",67.4016112,"Male"
"3372",73.3464963,"Male"
"3373",69.4882265,"Male"
"3374",69.0945255,"Male"
"3375",66.8504298,"Male"
"3376",68.1890132,"Male"
"3377",69.7244471,"Male"
"3378",70.2756285,"Male"
"3379",69.6457069,"Male"
"3380",69.5669667,"Male"
"3381",68.110273,"Male"
"3382",67.7559421,"Male"
"3383",69.1338956,"Male"
"3384",69.4882265,"Male"
"3385",67.4016112,"Male"
"3386",68.1890132,"Male"
"3387",68.897675,"Male"
"3388",65.354366,"Male"
"3389",67.7559421,"Male"
"3390",69.9606677,"Male"
"3391",71.653582,"Male"
"3392",72.4803541,"Male"
"3393",69.6457069,"Male"
"3394",70.5512192,"Male"
"3395",67.8346823,"Male"
"3396",62.7953095,"Male"
"3397",69.8819275,"Male"
"3398",65.354366,"Male"
"3399",69.685077,"Male"
"3400",64.173263,"Male"
"3401",72.2047634,"Male"
"3402",66.535469,"Male"
"3403",67.7559421,"Male"
"3404",67.4409813,"Male"
"3405",69.4094863,"Male"
"3406",66.92917,"Male"
"3407",66.6142092,"Male"
"3408",69.7244471,"Male"
"3409",67.0866504,"Male"
"3410",70.86618,"Male"
"3411",69.8819275,"Male"
"3412",69.1338956,"Male"
"3413",70.472479,"Male"
"3414",70.9449202,"Male"
"3415",65.5512165,"Male"
"3416",69.5275966,"Male"
"3417",71.0630305,"Male"
"3418",66.9685401,"Male"
"3419",74.5275993,"Male"
"3420",71.0630305,"Male"
"3421",74.0551581,"Male"
"3422",70.472479,"Male"
"3423",73.8583076,"Male"
"3424",64.8031846,"Male"
"3425",69.4094863,"Male"
"3426",75.7480724,"Male"
"3427",70.0000378,"Male"
"3428",71.6929521,"Male"
"3429",73.5827169,"Male"
"3430",69.1338956,"Male"
"3431",68.6614544,"Male"
"3432",67.6378318,"Male"
"3433",70.472479,"Male"
"3434",71.1417707,"Male"
"3435",69.9606677,"Male"
"3436",70.2756285,"Male"
"3437",70.1181481,"Male"
"3438",73.1102757,"Male"
"3439",71.5748418,"Male"
"3440",64.0157826,"Male"
"3441",69.2520059,"Male"
"3442",69.4094863,"Male"
"3443",66.4567288,"Male"
"3444",72.2441335,"Male"
"3445",69.0945255,"Male"
"3446",64.2913733,"Male"
"3447",66.0236577,"Male"
"3448",68.9764152,"Male"
"3449",68.8189348,"Male"
"3450",71.1024006,"Male"
"3451",75.0394106,"Male"
"3452",72.7165747,"Male"
"3453",65.3937361,"Male"
"3454",70.7480697,"Male"
"3455",70.3149986,"Male"
"3456",71.259881,"Male"
"3457",69.4094863,"Male"
"3458",68.0315328,"Male"
"3459",71.1811408,"Male"
"3460",70.9842903,"Male"
"3461",65.2756258,"Male"
"3462",63.3464909,"Male"
"3463",66.8897999,"Male"
"3464",71.0630305,"Male"
"3465",70.0000378,"Male"
"3466",70.9842903,"Male"
"3467",69.1732657,"Male"
"3468",67.1260205,"Male"
"3469",67.2835009,"Male"
"3470",66.2992484,"Male"
"3471",67.4016112,"Male"
"3472",68.3464936,"Male"
"3473",72.3228737,"Male"
"3474",70.7874398,"Male"
"3475",70.86618,"Male"
"3476",69.1338956,"Male"
"3477",72.2441335,"Male"
"3478",66.0630278,"Male"
"3479",72.2441335,"Male"
"3480",65.8661773,"Male"
"3481",68.2283833,"Male"
"3482",69.5275966,"Male"
"3483",71.3779913,"Male"
"3484",68.9764152,"Male"
"3485",67.2441308,"Male"
"3486",69.4094863,"Male"
"3487",65.9842876,"Male"
"3488",69.291376,"Male"
"3489",66.3386185,"Male"
"3490",67.3622411,"Male"
"3491",70.3543687,"Male"
"3492",71.3386212,"Male"
"3493",63.4252311,"Male"
"3494",69.291376,"Male"
"3495",67.322871,"Male"
"3496",69.4882265,"Male"
"3497",64.6457042,"Male"
"3498",67.5197215,"Male"
"3499",64.173263,"Male"
"3500",66.0236577,"Male"
"3501",64.0157826,"Male"
"3502",65.2756258,"Male"
"3503",68.8583049,"Male"
"3504",67.3622411,"Male"
"3505",69.8819275,"Male"
"3506",68.6614544,"Male"
"3507",69.0945255,"Male"
"3508",69.5669667,"Male"
"3509",70.0000378,"Male"
"3510",65.0787753,"Male"
"3511",66.4173587,"Male"
"3512",71.0630305,"Male"
"3513",68.8583049,"Male"
"3514",66.2205082,"Male"
"3515",67.0472803,"Male"
"3516",73.5433468,"Male"
"3517",71.2205109,"Male"
"3518",66.2992484,"Male"
"3519",73.0315355,"Male"
"3520",72.4803541,"Male"
"3521",68.7008245,"Male"
"3522",72.047283,"Male"
"3523",71.0630305,"Male"
"3524",68.5827142,"Male"
"3525",71.3386212,"Male"
"3526",68.6220843,"Male"
"3527",67.8740524,"Male"
"3528",69.1732657,"Male"
"3529",70.7874398,"Male"
"3530",71.4567315,"Male"
"3531",69.4882265,"Male"
"3532",65.6299567,"Male"
"3533",71.5748418,"Male"
"3534",67.4409813,"Male"
"3535",72.0866531,"Male"
"3536",65.5905866,"Male"
"3537",70.0000378,"Male"
"3538",68.1890132,"Male"
"3539",66.8897999,"Male"
"3540",70.7480697,"Male"
"3541",68.1496431,"Male"
"3542",70.3149986,"Male"
"3543",69.3701162,"Male"
"3544",65.9055474,"Male"
"3545",71.7323222,"Male"
"3546",67.2441308,"Male"
"3547",68.7008245,"Male"
"3548",64.173263,"Male"
